AMD A10 PRO-7800B APU,0.0,65.0,2014-10-01,FM2+,3500.0,2
AMD A10 PRO-7850B APU,148.02,95.0,2014-11-01,FM2+,3700.0,2
AMD A10-5700 APU,59.95,65.0,2012-06-01,FM2,3400.0,2
AMD A10-5800B APU,44.99,100.0,2013-07-01,FM2,3800.0,2
AMD A10-5800K APU,46.07,100.0,2012-10-01,FM2,3800.0,2
AMD A10-6700 APU,39.59,65.0,2013-06-01,FM2,3700.0,4
AMD A10-6700T APU,147.61,45.0,2014-06-01,FM2,2500.0,2
AMD A10-6790K APU,36.72,100.0,2013-12-01,FM2,4000.0,2
AMD A10-6800B APU,128.02,100.0,2014-02-01,FM2,4100.0,2
AMD A10-6800K APU,53.99,100.0,2013-06-01,FM2,4100.0,2
AMD A10-7700K APU,32.81,95.0,2014-01-01,FM2+,3400.0,2
AMD A10-7800 APU,37.68,65.0,2014-06-01,FM2+,3500.0,2
AMD A10-7850K APU,56.05,95.0,2014-01-01,FM2+,3700.0,2
AMD A10-7860K,57.17,65.0,2016-03-01,FM2+,3600.0,2
AMD A10-7870K,65.92,95.0,2015-06-01,FM2+,3900.0,2
AMD A10-7890K,139.97,95.0,2016-04-01,FM2+,4100.0,2
AMD A10-8750,0.0,65.0,2015-09-01,FM2+,3600.0,2
AMD A10-9700,66.86,65.0,2016-12-01,AM4,3500.0,4
AMD A10-9700E,91.5,35.0,2017-11-01,AM4,3000.0,4
AMD A12-9800,101.99,65.0,2016-10-01,AM4,3800.0,2
AMD A12-9800E,670.15,35.0,2017-09-01,AM4,3100.0,4
AMD A4 PRO-7350B,0.0,65.0,2014-12-01,FM2+,3400.0,1
AMD A4-3300 APU,56.61,65.0,2011-11-01,FM1,2500.0,2
AMD A4-3400 APU,20.0,65.0,2011-09-01,FM1,2700.0,2
AMD A4-3420 APU,136.0,65.0,2012-01-01,FM1,2800.0,2
AMD A4-4000 APU,19.91,65.0,2013-05-01,FM2,3000.0,1
AMD A4-4020 APU,105.37,65.0,2014-07-01,FM2,3200.0,2
AMD A4-5300 APU,26.95,65.0,2012-10-01,FM2,3400.0,2
AMD A4-5300B APU,25.95,65.0,2012-12-01,FM2,3400.0,2
AMD A4-6300 APU,42.02,65.0,2013-11-01,FM2,3700.0,1
AMD A4-6320 APU,69.99,65.0,2014-04-01,FM2,3800.0,1
AMD A4-7300 APU,18.8,65.0,2014-09-01,FM2,3800.0,1
AMD A6 PRO-7400B,0.0,65.0,2014-12-01,FM2+,3500.0,1
AMD A6-3500 APU,74.93,65.0,2011-09-01,FM1,2100.0,3
AMD A6-3600 APU,24.95,65.0,2011-11-01,FM1,2100.0,4
AMD A6-3620 APU,22.49,65.0,2012-02-01,FM1,2200.0,4
AMD A6-3650 APU,128.0,100.0,2011-07-01,FM1,2600.0,4
AMD A6-3670 APU,176.59,100.0,2012-01-01,FM1,2700.0,4
AMD A6-5400B APU,28.94,65.0,2013-11-01,FM2,3600.0,1
AMD A6-5400K APU,52.02,65.0,2012-10-01,FM2,3600.0,1
AMD A6-6400B APU,0.0,65.0,2014-02-01,FM2,3900.0,1
AMD A6-6400K APU,51.72,65.0,2013-07-01,FM2,3900.0,1
AMD A6-6420B APU,0.0,65.0,2014-11-01,FM2,4000.0,1
AMD A6-6420K APU,149.99,65.0,2014-10-01,FM2,4000.0,2
AMD A6-7400K APU,29.99,65.0,2014-10-01,FM2+,3500.0,2
AMD A6-7470K,185.94,65.0,2016-05-01,FM2+,3700.0,1
AMD A6-7480,36.89,65.0,2019-04-01,FM2+,3500.0,2
AMD A6-8550,0.0,65.0,2015-11-01,FM2+,3700.0,2
AMD A6-9500,61.03,65.0,2016-12-01,AM4,3500.0,2
AMD A6-9500E,58.14,35.0,2018-10-01,AM4,3000.0,2
AMD A8 PRO-7600B APU,0.0,65.0,2014-09-01,FM2+,3100.0,4
AMD A8-3800 APU,109.95,65.0,2011-09-01,FM1,2400.0,4
AMD A8-3820 APU,44.95,65.0,2012-01-01,FM1,2500.0,4
AMD A8-3850 APU,68.02,100.0,2011-06-01,FM1,2900.0,4
AMD A8-3870K APU,68.04,100.0,2011-12-01,FM1,3000.0,4
AMD A8-5500 APU,58.95,65.0,2012-06-01,FM2,3200.0,2
AMD A8-5500B APU,49.04,65.0,2013-03-01,FM2,3200.0,2
AMD A8-5600K APU,69.01,100.0,2012-10-01,FM2,3600.0,4
AMD A8-6500 APU,30.8,65.0,2013-08-01,FM2,3500.0,2
AMD A8-6500B APU,49.95,65.0,2014-04-01,FM2,3500.0,2
AMD A8-6500T APU,59.95,45.0,2014-03-01,FM2,2100.0,2
AMD A8-6600K APU,22.25,100.0,2013-06-01,FM2,3900.0,2
AMD A8-7500,0.0,65.0,2016-06-01,FM2+,3000.0,2
AMD A8-7600 APU,31.13,65.0,2014-07-01,FM2+,3100.0,2
AMD A8-7650K,38.18,65.0,2015-02-01,FM2+,3300.0,2
AMD A8-7670K,79.5,95.0,2015-09-01,FM2+,3600.0,4
AMD A8-8650,0.0,65.0,2015-11-01,FM2+,3200.0,4
AMD A8-9600,66.96,65.0,2017-04-01,AM4,3100.0,4
AMD Athlon 1640B,50.0,45.0,2009-05-01,AM2,2700.0,1
AMD Athlon 200GE,123.89,35.0,2018-09-01,AM4,3200.0,2
AMD Athlon 240GE,135.99,35.0,2019-01-01,AM4,3500.0,2
AMD Athlon 2650e,19.0,15.0,2009-01-01,AM2,1600.0,1
AMD Athlon 2850e,0.0,22.0,2009-11-01,AM2,1800.0,1
AMD Athlon 3000G,89.99,35.0,2019-11-01,AM4,3500.0,2
AMD Athlon 300GE,0.0,35.0,2019-12-01,AM4,3400.0,2
AMD Athlon 320GE,0.0,35.0,2021-09-01,AM4,3500.0,2
AMD Athlon 5200 Dual-Core,189.95,75.0,2010-12-01,AM2,2700.0,2
AMD Athlon 64 3000+,20.0,89.0,2008-12-01,Socket 754,2000.0,1
AMD Athlon 64 3100+,0.0,89.0,2015-01-01,754,1800.0,1
AMD Athlon 64 3700+,89.95,89.0,2008-12-01,939,2200.0,1
AMD Athlon 64 FX-55,65.0,104.0,2009-02-01,939,2600.0,1
AMD Athlon 64 FX-57,0.0,104.0,2009-03-01,939,2800.0,1
AMD Athlon 64 FX-59,0.0,0.0,2013-05-01,939,3000.0,1
AMD Athlon 64 FX-60 Dual Core,0.0,110.0,2009-02-01,939,2600.0,2
AMD Athlon 64 FX-62 Dual Core,270.0,125.0,2009-02-01,AM2,2800.0,2
AMD Athlon 64 FX-74,499.5,125.0,2009-03-01,F (1207),3000.0,2
AMD Athlon 64 X2 3800+,0.0,89.0,2010-05-01,939,2000.0,2
AMD Athlon 64 X2 Dual Core 3400+,0.0,89.0,2010-10-01,754,2200.0,2
AMD Athlon 64 X2 Dual Core 3600+,68.25,65.0,2008-12-01,AM2,2000.0,2
AMD Athlon 64 X2 Dual Core 3800+,0.0,89.0,2008-11-01,AM2,2000.0,2
AMD Athlon 64 X2 Dual Core 4000+,0.0,65.0,2008-12-01,AM2,2100.0,2
AMD Athlon 64 X2 Dual Core 4200+,109.95,89.0,2008-11-01,AM2,2200.0,2
AMD Athlon 64 X2 Dual Core 4400+,298.95,65.0,2008-12-01,AM2,2300.0,2
AMD Athlon 64 X2 Dual Core 4600+,349.95,65.0,2008-12-01,AM2,2400.0,2
AMD Athlon 64 X2 Dual Core 4800+,149.95,65.0,2008-11-01,AM2,2500.0,2
AMD Athlon 64 X2 Dual Core 5000+,331.49,65.0,2008-12-01,AM2,2600.0,2
AMD Athlon 64 X2 Dual Core 5200+,60.0,65.0,2008-11-01,AM2,2700.0,2
AMD Athlon 64 X2 Dual Core 5400+,52.99,65.0,2008-11-01,AM2,2800.0,2
AMD Athlon 64 X2 Dual Core 5600+,107.21,89.0,2008-11-01,AM2,2800.0,2
AMD Athlon 64 X2 Dual Core 6000+,38.5,89.0,2008-11-01,AM2,3000.0,2
AMD Athlon 64 X2 Dual Core 6400+,249.95,125.0,2008-11-01,AM2,3200.0,2
AMD Athlon 64 X2 Dual Core BE-2300,0.0,45.0,2011-11-01,AM2,1900.0,2
AMD Athlon 64 X2 Dual Core BE-2350,0.0,45.0,2009-05-01,AM2,2100.0,2
AMD Athlon 7450 Dual-Core,0.0,95.0,2009-04-01,AM2+,2400.0,2
AMD Athlon 7550 Dual-Core,14.95,95.0,2009-05-01,AM2+,2500.0,2
AMD Athlon 7750 Dual-Core,79.99,95.0,2009-01-01,AM2+,2700.0,2
AMD Athlon 7850 Dual-Core,99.99,95.0,2009-05-01,AM2+,2800.0,2
AMD Athlon Dual Core 4050e,0.0,45.0,2009-02-01,AM2,2100.0,2
AMD Athlon Dual Core 4450B,31.0,45.0,2009-03-01,AM2+,2300.0,2
AMD Athlon Dual Core 4450e,14.48,45.0,2009-02-01,AM2,2300.0,2
AMD Athlon Dual Core 4850B,0.0,45.0,2010-10-01,AM2+,2500.0,2
AMD Athlon Dual Core 4850e,39.0,45.0,2009-02-01,AM2,2500.0,2
AMD Athlon Dual Core 5000B,95.0,65.0,2009-05-01,AM2,2600.0,2
AMD Athlon Dual Core 5050e,60.0,45.0,2009-02-01,AM2,2600.0,2
AMD Athlon Dual Core 5200B,0.0,65.0,2009-04-01,AM2,2700.0,2
AMD Athlon Dual Core 5400B,0.0,65.0,2009-06-01,AM2,2800.0,2
AMD Athlon Dual Core 5600B,0.0,65.0,2012-03-01,AM2+,2900.0,2
AMD Athlon Gold 3150G,0.0,65.0,2022-01-01,AM4,3500.0,4
AMD Athlon Gold PRO 3150G,0.0,65.0,2020-07-01,AM4,3500.0,4
AMD Athlon Gold PRO 3150GE,0.0,35.0,2020-07-01,AM4,3300.0,4
AMD Athlon II X2 210e,28.49,45.0,2010-12-01,AM3,2600.0,2
AMD Athlon II X2 215,28.97,65.0,2009-09-01,AM3,2700.0,2
AMD Athlon II X2 220,59.95,65.0,2010-06-01,AM3,2800.0,2
AMD Athlon II X2 235e,97.5,45.0,2009-10-01,AM3,2700.0,2
AMD Athlon II X2 240,24.95,65.0,2009-08-01,AM3,2800.0,2
AMD Athlon II X2 240e,37.89,45.0,2009-12-01,AM3,2800.0,2
AMD Athlon II X2 245,39.88,65.0,2009-07-01,AM2+/AM3,2900.0,2
AMD Athlon II X2 245e,19.99,45.0,2011-03-01,AM3,2900.0,2
AMD Athlon II X2 250,38.95,65.0,2009-06-01,AM3,3000.0,2
AMD Athlon II X2 250e,76.73,45.0,2011-06-01,AM3,3000.0,2
AMD Athlon II X2 250u,24.95,25.0,2010-02-01,AM3,1600.0,2
AMD Athlon II X2 255,12.55,65.0,2010-01-01,AM3,3100.0,2
AMD Athlon II X2 260,37.88,65.0,2010-07-01,AM3,3200.0,2
AMD Athlon II X2 260u,83.44,25.0,2010-12-01,AM3,1800.0,2
AMD Athlon II X2 265,12.55,65.0,2010-11-01,AM3,3300.0,2
AMD Athlon II X2 270,15.0,65.0,2011-08-01,AM3,3400.0,2
AMD Athlon II X2 270u,67.67,25.0,2010-11-01,AM3,2000.0,2
AMD Athlon II X2 4450e,0.0,45.0,2010-09-01,AM2,2300.0,2
AMD Athlon II X2 B22,25.95,65.0,2010-01-01,AM3,2800.0,2
AMD Athlon II X2 B24,24.1,65.0,2010-03-01,AM3,3000.0,2
AMD Athlon II X2 B28,39.02,65.0,2012-07-01,AM3,3400.0,2
AMD Athlon II X3 400e,25.49,45.0,2009-12-01,AM3,2200.0,3
AMD Athlon II X3 405e,112.9,45.0,2010-03-01,AM3,2300.0,3
AMD Athlon II X3 415e,75.0,45.0,2010-10-01,AM3,2500.0,3
AMD Athlon II X3 420e,116.15,45.0,2011-06-01,AM3,2600.0,3
AMD Athlon II X3 425,58.34,95.0,2009-08-01,AM3,2700.0,3
AMD Athlon II X3 435,159.95,95.0,2009-11-01,AM3,2900.0,3
AMD Athlon II X3 440,14.76,95.0,2010-02-01,AM3,3000.0,3
AMD Athlon II X3 445,14.99,95.0,2010-07-01,AM3,3100.0,3
AMD Athlon II X3 450,14.96,95.0,2010-11-01,AM3,3200.0,3
AMD Athlon II X3 455,25.76,95.0,2010-12-01,AM3,3300.0,3
AMD Athlon II X3 460,16.74,95.0,2011-08-01,AM3,3400.0,3
AMD Athlon II X4 557,0.0,160.0,2021-07-01,AM3,3200.0,4
AMD Athlon II X4 600e,19.85,45.0,2009-12-01,AM3,2200.0,4
AMD Athlon II X4 605e,25.77,45.0,2009-12-01,AM3,2300.0,4
AMD Athlon II X4 610e,17.03,45.0,2010-08-01,AM3,2400.0,4
AMD Athlon II X4 615e,59.0,45.0,2010-12-01,AM3,2500.0,4
AMD Athlon II X4 620,91.89,95.0,2009-09-01,AM3,2600.0,4
AMD Athlon II X4 630,48.04,95.0,2009-08-01,AM3,2800.0,4
AMD Athlon II X4 631 Quad-Core,12.31,100.0,2011-09-01,FM1,2600.0,4
AMD Athlon II X4 635,17.27,95.0,2010-02-01,AM3,2900.0,4
AMD Athlon II X4 638 Quad-Core,62.85,65.0,2015-04-01,FM1,2700.0,4
AMD Athlon II X4 640,16.46,95.0,2010-06-01,AM3,3000.0,4
AMD Athlon II X4 641 Quad-Core,12.3,100.0,2012-03-01,FM1,2800.0,4
AMD Athlon II X4 645,14.11,95.0,2010-10-01,AM3,3100.0,4
AMD Athlon LE-1600,21.0,45.0,2009-03-01,AM2,2200.0,1
AMD Athlon LE-1620,18.0,45.0,2009-03-01,AM2,2400.0,1
AMD Athlon LE-1640,89.95,45.0,2009-02-01,AM2,2700.0,1
AMD Athlon LE-1660,0.0,45.0,2009-04-01,AM2,2800.0,1
AMD Athlon PRO 200GE,0.0,35.0,2018-05-01,AM4,3200.0,2
AMD Athlon PRO 300GE,0.0,35.0,2019-10-01,AM4,3400.0,2
AMD Athlon Silver PRO 3125GE,0.0,35.0,2020-07-01,AM4,3400.0,2
AMD Athlon X2 450,0.0,65.0,2022-07-01,FM2+,3500.0,2
AMD Athlon X2 Dual Core BE-2300,60.0,45.0,2009-02-01,AM2,1900.0,2
AMD Athlon X2 Dual Core BE-2350,0.0,45.0,2009-03-01,AM2,2100.0,2
AMD Athlon X2 Dual Core BE-2400,0.0,18.0,2009-03-01,FT1,2300.0,2
AMD Athlon X4 530,0.0,25.0,2021-03-01,AM1,2000.0,4
AMD Athlon X4 730,0.0,65.0,2022-02-01,FM2,2800.0,2
AMD Athlon X4 740 Quad Core,12.79,65.0,2012-11-01,FM2,3200.0,2
AMD Athlon X4 750 Quad Core,94.75,65.0,2015-03-01,FM2,3400.0,4
AMD Athlon X4 760K Quad Core,15.3,100.0,2013-08-01,FM2,3800.0,2
AMD Athlon X4 830,202.32,65.0,2018-02-01,FM2+,3000.0,2
AMD Athlon X4 840,124.95,65.0,2015-01-01,FM2+,3100.0,2
AMD Athlon X4 845,59.99,65.0,2016-03-01,FM2+,3500.0,2
AMD Athlon X4 860K,68.76,95.0,2014-09-01,FM2+,3700.0,2
AMD Athlon X4 870K,34.3,95.0,2016-03-01,FM2+,3900.0,2
AMD Athlon X4 880K,94.61,95.0,2016-04-01,FM2+,4000.0,2
AMD Athlon X4 950,29.93,65.0,2017-09-01,AM4,3500.0,4
AMD Athlon XP 1700+,51.25,64.0,2009-02-01,Socket A (462),1467.0,1
AMD Athlon XP 1800+,50.95,66.0,2009-03-01,Socket A,1533.0,1
AMD Athlon XP 2000+,58.99,70.0,2009-02-01,Socket A,1667.0,1
AMD Athlon XP 3000+,79.7,62.0,2009-03-01,Socket A,2167.0,1
AMD Athlon64 X2 Dual Core 4600+,0.0,110.0,2009-05-01,AM2,2400.0,2
AMD E2-1800 APU,0.0,18.0,2012-06-01,FT1,1700.0,2
AMD E2-3200 APU,7.99,65.0,2011-12-01,FM1,2400.0,2
AMD E2-9030,0.0,0.0,2019-01-01,BGA (FT4),2000.0,2
AMD FirePro A320 APU,0.0,100.0,2016-08-01,FM2,3800.0,4
AMD FX-4100 Quad-Core,20.54,95.0,2011-10-01,AM3+,3600.0,2
AMD FX-4130 Quad-Core,19.93,125.0,2012-12-01,AM3+,3800.0,2
AMD FX-4150 Quad-Core,0.0,125.0,2013-12-01,AM3+,4000.0,4
AMD FX-4170 Quad-Core,30.77,125.0,2012-03-01,AM3+,4200.0,2
AMD FX-4200 Quad-Core,59.95,125.0,2013-12-01,AM3+,3300.0,4
AMD FX-4300 Quad-Core,20.37,95.0,2012-12-01,AM3+,3800.0,2
AMD FX-4320,0.0,95.0,2016-01-01,AM3+,4000.0,2
AMD FX-4330,733.5,95.0,2015-12-01,AM3+,4000.0,2
AMD FX-4350 Quad-Core,95.44,125.0,2013-06-01,AM3+,4200.0,2
AMD FX-6100 Six-Core,24.84,95.0,2011-10-01,AM3+,3300.0,3
AMD FX-6120 Six-Core,78.02,95.0,2012-06-01,AM3+,3500.0,3
AMD FX-6130 Six-Core,0.0,125.0,2013-03-01,AM3+,3600.0,3
AMD FX-6200 Six-Core,299.95,125.0,2012-03-01,AM3+,3800.0,3
AMD FX-6300 Six-Core,29.98,95.0,2012-10-01,AM3+,3500.0,3
AMD FX-6330 Six-Core,0.0,95.0,2016-11-01,AM3+,3600.0,3
AMD FX-6350 Six-Core,46.26,125.0,2013-05-01,AM3+,3900.0,3
AMD FX-670K Quad-Core,0.0,65.0,2014-04-01,FM2,3700.0,2
AMD FX-770K Quad-Core,0.0,65.0,2014-12-01,FM2+,3500.0,2
AMD FX-8100 Eight-Core,132.02,95.0,2012-01-01,AM3+,2800.0,4
AMD FX-8120 Eight-Core,32.53,125.0,2011-10-01,AM3+,3100.0,4
AMD FX-8140 Eight-Core,148.86,95.0,2012-03-01,AM3+,3200.0,4
AMD FX-8150 Eight-Core,50.03,125.0,2011-09-01,AM3+,3600.0,4
AMD FX-8300 Eight-Core,49.99,95.0,2013-01-01,AM3+,3300.0,4
AMD FX-8310 Eight-Core,831.15,95.0,2014-10-01,AM3+,3400.0,4
AMD FX-8320 Eight-Core,41.07,125.0,2012-10-01,AM3+,3500.0,4
AMD FX-8320E Eight-Core,132.0,95.0,2014-10-01,AM3+,3200.0,4
AMD FX-8350 Eight-Core,87.89,125.0,2012-10-01,AM3+,4000.0,4
AMD FX-8370 Eight-Core,178.9,125.0,2014-09-01,AM3+,4000.0,4
AMD FX-8370E Eight-Core,25.14,95.0,2014-09-01,AM3+,3300.0,4
AMD FX-9370 Eight-Core,129.97,220.0,2013-07-01,AM3+,4400.0,4
AMD FX-9590 Eight-Core,344.04,220.0,2013-08-01,AM3+,4700.0,4
AMD FX-B4150 Quad-Core,89.68,95.0,2013-02-01,AM3+,3800.0,2
AMD Phenom 8250e Triple-Core,46.99,65.0,2009-08-01,940,1900.0,3
AMD Phenom 8400 Triple-Core,0.0,95.0,2009-03-01,AM2+,2100.0,3
AMD Phenom 8450 Triple-Core,16.99,95.0,2008-12-01,AM2+,2100.0,3
AMD Phenom 8450e Triple-Core,0.0,65.0,2009-10-01,AM2+,2100.0,3
AMD Phenom 8600 Triple-Core,52.99,95.0,2009-02-01,AM2+,2300.0,3
AMD Phenom 8600B Triple-Core,14.95,95.0,2009-04-01,AM2+,2300.0,3
AMD Phenom 8650 Triple-Core,19.0,95.0,2008-12-01,AM2+,2300.0,3
AMD Phenom 8750 Triple-Core,0.0,95.0,2009-02-01,AM2+,2400.0,3
AMD Phenom 8750B Triple-Core,0.0,95.0,2009-05-01,AM2+,2400.0,3
AMD Phenom 8850 Triple-Core,0.0,95.0,2010-08-01,AM2+,2500.0,3
AMD Phenom 9100e Quad-Core,34.95,65.0,2009-02-01,AM2+,1800.0,4
AMD Phenom 9150e Quad-Core,247.5,65.0,2009-02-01,AM2+,1800.0,4
AMD Phenom 9350e Quad-Core,3382.07,65.0,2009-02-01,AM2+,2000.0,4
AMD Phenom 9450e Quad-Core,105.0,65.0,2010-03-01,AM2+,2100.0,4
AMD Phenom 9500 Quad-Core,29.99,95.0,2008-11-01,AM2+,2200.0,4
AMD Phenom 9550 Quad-Core,29.99,95.0,2008-12-01,AM2+,2200.0,4
AMD Phenom 9600 Quad-Core,39.95,95.0,2008-12-01,AM2+,2300.0,4
AMD Phenom 9600B Quad-Core,39.95,95.0,2009-03-01,AM2+,2300.0,4
AMD Phenom 9650 Quad-Core,39.99,95.0,2008-12-01,AM2+,2300.0,4
AMD Phenom 9750 Quad-Core,48.02,125.0,2008-12-01,AM2+,2400.0,4
AMD Phenom 9750B Quad-Core,0.0,95.0,2009-09-01,AM2+,2400.0,4
AMD Phenom 9850 Quad-Core,129.99,125.0,2008-11-01,AM2+,2500.0,4
AMD Phenom 9950 Quad-Core,199.99,125.0,2008-11-01,AM2+,2600.0,4
AMD Phenom II X2 545,43.98,80.0,2009-08-01,AM2+/AM3,3000.0,2
AMD Phenom II X2 550,41.35,80.0,2009-06-01,AM2+/AM3,3100.0,2
AMD Phenom II X2 555,12.99,80.0,2010-02-01,AM2+/AM3,3200.0,2
AMD Phenom II X2 565,168.87,80.0,2011-01-01,AM2+/AM3,3400.0,2
AMD Phenom II X2 570,0.0,80.0,2015-12-01,AM3,3500.0,2
AMD Phenom II X2 B53,0.0,80.0,2009-11-01,AM3,2800.0,2
AMD Phenom II X2 B55,37.95,80.0,2009-12-01,AM3,3000.0,2
AMD Phenom II X3 700e,0.0,65.0,2010-11-01,AM3,2400.0,3
AMD Phenom II X3 705e,152.34,65.0,2009-07-01,AM3,2500.0,3
AMD Phenom II X3 710,169.0,95.0,2009-02-01,AM3,2600.0,3
AMD Phenom II X3 720,64.45,95.0,2009-02-01,AM3,2800.0,3
AMD Phenom II X3 B73,75.0,95.0,2010-07-01,AM3,2800.0,3
AMD Phenom II X3 B75,49.95,95.0,2009-08-01,AM3,3000.0,3
AMD Phenom II X4 805,173.99,95.0,2009-04-01,AM3,2500.0,4
AMD Phenom II X4 810,213.0,95.0,2009-02-01,AM3,2600.0,4
AMD Phenom II X4 820,62.02,95.0,2009-11-01,AM3,2800.0,4
AMD Phenom II X4 840,42.0,95.0,2011-02-01,AM2+/AM3,3200.0,4
AMD Phenom II X4 900e,0.0,65.0,2010-11-01,AM3,2400.0,4
AMD Phenom II X4 905e,53.99,65.0,2009-06-01,AM3,2500.0,4
AMD Phenom II X4 910,100.0,95.0,2009-03-01,AM3,2600.0,4
AMD Phenom II X4 910e,69.9,65.0,2010-05-01,AM3,2600.0,4
AMD Phenom II X4 920,27.89,125.0,2009-01-01,AM2+,2800.0,4
AMD Phenom II X4 925,20.76,95.0,2009-03-01,AM3,2800.0,4
AMD Phenom II X4 940,870.0,125.0,2009-01-01,AM2+,3000.0,4
AMD Phenom II X4 945,26.95,125.0,2009-04-01,AM3,3000.0,4
AMD Phenom II X4 955,176.18,125.0,2009-03-01,AM3,3200.0,4
AMD Phenom II X4 960T,25.11,95.0,2011-06-01,AM3,3000.0,4
AMD Phenom II X4 965,74.02,125.0,2009-08-01,AM3,3400.0,4
AMD Phenom II X4 B15e,0.0,0.0,2010-11-01,AM2+/AM3,2500.0,4
AMD Phenom II X4 B25,0.0,0.0,2009-11-01,AM2+/AM3,2700.0,4
AMD Phenom II X4 B35,0.0,0.0,2009-11-01,AM2+/AM3,2900.0,4
AMD Phenom II X4 B50,0.0,0.0,2009-06-01,AM2+/AM3,3200.0,4
AMD Phenom II X4 B55,0.0,0.0,2010-02-01,AM2+/AM3,3300.0,4
AMD Phenom II X4 B65,0.0,0.0,2011-01-01,AM2+/AM3,3400.0,4
AMD Phenom II X4 B70,0.0,65.0,2016-06-01,AM2+ (938-pin),3500.0,4
AMD Phenom II X4 B93,0.0,95.0,2010-12-01,AM3,2800.0,4
AMD Phenom II X4 B95,62.02,95.0,2010-01-01,AM3,3000.0,4
AMD Phenom II X4 B97,79.95,95.0,2010-09-01,AM2+/AM3,3200.0,4
AMD Phenom II X6 1035T,108.0,95.0,2010-05-01,AM3,2600.0,6
AMD Phenom II X6 1045T,44.05,95.0,2010-09-01,AM3,2700.0,6
AMD Phenom II X6 1055T,49.21,125.0,2010-04-01,AM3,2800.0,6
AMD Phenom II X6 1065T,99.98,95.0,2011-03-01,AM3,2900.0,6
AMD Phenom II X6 1075T,66.03,125.0,2010-09-01,AM3,3000.0,6
AMD Phenom II X6 1090T,90.18,125.0,2010-04-01,AM3,3200.0,6
AMD Phenom II X6 1100T,128.85,125.0,2010-12-01,AM3,3300.0,6
AMD Phenom X3 8550,29.95,95.0,2009-05-01,AM2/AM2+,2200.0,3
AMD Phenom X4 Quad-Core GP-9500,0.0,95.0,2009-03-01,AM2+,2200.0,4
AMD Phenom X4 Quad-Core GP-9530,0.0,0.0,2016-10-01,AM2+ (940-pin),2200.0,4
AMD Phenom X4 Quad-Core GP-9600,0.0,95.0,2009-07-01,AM2+,2300.0,4
AMD Phenom X4 Quad-Core GP-9730,0.0,0.0,2016-10-01,AM2+ (940-pin),2400.0,4
AMD PRO A10-8750B,0.0,65.0,2015-11-01,FM2+,3600.0,2
AMD PRO A10-8770,0.0,65.0,2017-01-01,AM4,3500.0,4
AMD PRO A10-8770E,0.0,35.0,2017-01-01,AM4,2800.0,4
AMD PRO A10-8850B,0.0,95.0,2016-01-01,FM2+,3900.0,2
AMD PRO A10-9700,169.0,65.0,2016-11-01,AM4,3500.0,2
AMD PRO A10-9700E,139.0,35.0,2016-07-01,AM4,3000.0,2
AMD PRO A12-8870,0.0,65.0,2017-01-01,AM4,3700.0,4
AMD PRO A12-8870E,0.0,35.0,2016-11-01,AM4,2900.0,4
AMD PRO A12-9800,169.0,65.0,2017-01-01,AM4,3800.0,4
AMD PRO A12-9800E,169.0,35.0,2017-01-01,AM4,3100.0,4
AMD PRO A4-8350B,28.99,65.0,2016-02-01,FM2+,3500.0,1
AMD PRO A6-8550B,0.0,65.0,2016-06-01,FM2+,3700.0,1
AMD PRO A6-8570,0.0,65.0,2017-01-01,AM4,3500.0,2
AMD PRO A6-9500,74.0,65.0,2017-01-01,AM4,3500.0,2
AMD PRO A6-9500E,74.0,35.0,2017-01-01,AM4,3000.0,2
AMD PRO A8-8650B,0.0,65.0,2015-11-01,FM2+,3200.0,4
AMD PRO A8-8670E,0.0,35.0,2017-08-01,AM4,2800.0,4
AMD PRO A8-9600,119.0,65.0,2016-09-01,AM4,3100.0,2
AMD Ryzen 3 1200,54.5,65.0,2017-06-01,AM4,3100.0,4
AMD Ryzen 3 1300X,74.98,65.0,2017-08-01,AM4,3500.0,4
AMD Ryzen 3 2200G,248.02,65.0,2018-02-01,AM4,3500.0,4
AMD Ryzen 3 2200GE,0.0,35.0,2018-08-01,AM4,3200.0,4
AMD Ryzen 3 2300X,178.09,65.0,2019-01-01,AM4,3500.0,4
AMD Ryzen 3 3100,134.99,65.0,2020-05-01,AM4,3600.0,4
AMD Ryzen 3 3200G,94.99,65.0,2019-07-01,AM4,3600.0,4
AMD Ryzen 3 3200GE,0.0,35.0,2020-07-01,AM4,3300.0,4
AMD Ryzen 3 3300X,235.0,65.0,2020-05-01,AM4,3800.0,4
AMD Ryzen 3 4100,113.5,65.0,2022-04-01,AM4,3800.0,4
AMD Ryzen 3 4300G,149.66,65.0,2020-07-01,AM4,3800.0,4
AMD Ryzen 3 4300GE,0.0,35.0,2020-10-01,AM4,3500.0,4
AMD Ryzen 3 5300G,0.0,65.0,2021-06-01,AM4,4000.0,4
AMD Ryzen 3 5300GE,0.0,35.0,2021-06-01,AM4,3600.0,4
AMD Ryzen 3 PRO 1200,0.0,65.0,2017-08-01,AM4,3100.0,4
AMD Ryzen 3 PRO 1300,0.0,65.0,2017-09-01,AM4,3500.0,4
AMD Ryzen 3 PRO 2100GE,0.0,35.0,2019-05-01,AM4,3200.0,2
AMD Ryzen 3 PRO 2200G,0.0,65.0,2018-03-01,AM4,3500.0,4
AMD Ryzen 3 PRO 2200GE,0.0,35.0,2018-05-01,AM4,3200.0,4
AMD Ryzen 3 PRO 3200G,0.0,65.0,2019-10-01,AM4,3600.0,4
AMD Ryzen 3 PRO 4200G,0.0,65.0,2021-02-01,FP6,3800.0,4
AMD Ryzen 3 PRO 4350G,0.0,65.0,2020-07-01,AM4,3800.0,4
AMD Ryzen 3 PRO 4350GE,0.0,35.0,2020-07-01,AM4,3500.0,4
AMD Ryzen 3 PRO 5350G,0.0,65.0,2021-06-01,AM4,4000.0,4
AMD Ryzen 3 PRO 5350GE,0.0,35.0,2021-06-01,AM4,3600.0,4
AMD Ryzen 5 1400,71.98,65.0,2017-04-01,AM4,3200.0,4
AMD Ryzen 5 1500X,70.7,65.0,2017-04-01,AM4,3500.0,4
AMD Ryzen 5 1600,73.79,65.0,2017-03-01,AM4,3200.0,6
AMD Ryzen 5 1600X,81.18,95.0,2017-04-01,AM4,3600.0,6
AMD Ryzen 5 2400G,121.3,65.0,2018-02-01,AM4,3600.0,4
AMD Ryzen 5 2400GE,0.0,35.0,2018-06-01,AM4,3200.0,4
AMD Ryzen 5 2500X,0.0,65.0,2019-02-01,AM4,3600.0,4
AMD Ryzen 5 2600,79.89,65.0,2018-04-01,AM4,3400.0,6
AMD Ryzen 5 2600X,203.0,95.0,2018-04-01,AM4,3600.0,6
AMD Ryzen 5 3350G,0.0,65.0,2020-11-01,AM4,3600.0,4
AMD Ryzen 5 3400G,144.99,65.0,2019-07-01,AM4,3700.0,4
AMD Ryzen 5 3400GE,0.0,35.0,2020-04-01,AM4,3300.0,4
AMD Ryzen 5 3500,0.0,65.0,2019-10-01,AM4,3600.0,6
AMD Ryzen 5 3500X,179.99,65.0,2019-10-01,AM4,3600.0,6
AMD Ryzen 5 3600,114.73,65.0,2019-06-01,AM4,3600.0,6
AMD Ryzen 5 3600X,230.0,95.0,2019-07-01,AM4,3800.0,6
AMD Ryzen 5 3600XT,349.0,95.0,2020-07-01,AM4,3800.0,6
AMD Ryzen 5 4500,79.0,65.0,2022-04-01,AM4,3600.0,6
AMD Ryzen 5 4600G,104.0,65.0,2020-07-01,AM4,3700.0,6
AMD Ryzen 5 4600GE,0.0,35.0,2020-09-01,AM4,3300.0,6
AMD Ryzen 5 5500,81.82,65.0,2022-04-01,AM4,3600.0,6
AMD Ryzen 5 5600,139.0,65.0,2022-04-01,AM4,3500.0,6
AMD Ryzen 5 5600G,127.99,65.0,2021-05-01,AM4,3900.0,6
AMD Ryzen 5 5600GE,0.0,35.0,2021-06-01,AM4,3400.0,6
AMD Ryzen 5 5600X,147.99,65.0,2020-10-01,AM4,3700.0,6
AMD Ryzen 5 7600X,247.0,105.0,2022-09-01,AM5,4700.0,6
AMD Ryzen 5 PRO 1500,0.0,65.0,2017-07-01,AM4,3500.0,4
AMD Ryzen 5 PRO 1600,0.0,65.0,2017-09-01,AM4,3200.0,6
AMD Ryzen 5 PRO 2400G,0.0,65.0,2018-05-01,AM4,3600.0,4
AMD Ryzen 5 PRO 2400GE,0.0,35.0,2018-05-01,AM4,3200.0,4
AMD Ryzen 5 PRO 2600,0.0,65.0,2018-08-01,AM4,3400.0,6
AMD Ryzen 5 PRO 3350G,0.0,65.0,2020-06-01,AM4,3600.0,4
AMD Ryzen 5 PRO 3400G,0.0,65.0,2019-10-01,AM4,3700.0,4
AMD Ryzen 5 PRO 3400GE,0.0,35.0,2019-10-01,AM4,3300.0,4
AMD Ryzen 5 PRO 3600,0.0,65.0,2019-07-01,AM4,3600.0,6
AMD Ryzen 5 PRO 4650G,144.49,65.0,2020-07-01,AM4,3700.0,6
AMD Ryzen 5 PRO 4650GE,0.0,35.0,2020-09-01,AM4,3300.0,6
AMD Ryzen 5 PRO 5645,0.0,0.0,2022-09-01,AM4,3700.0,6
AMD Ryzen 5 PRO 5650G,0.0,65.0,2021-06-01,AM4,3900.0,6
AMD Ryzen 5 PRO 5650GE,0.0,35.0,2021-06-01,AM4,3400.0,6
AMD Ryzen 7 1700,101.66,65.0,2017-03-01,AM4,3000.0,8
AMD Ryzen 7 1700X,135.96,95.0,2017-03-01,AM4,3400.0,8
AMD Ryzen 7 1800X,295.0,95.0,2017-02-01,AM4,3600.0,8
AMD Ryzen 7 2700,143.99,65.0,2018-04-01,AM4,3200.0,8
AMD Ryzen 7 2700E,0.0,45.0,2019-09-01,AM4,2800.0,8
AMD Ryzen 7 2700X,128.86,105.0,2018-04-01,AM4,3700.0,8
AMD Ryzen 7 3700X,260.0,65.0,2019-07-01,AM4,3600.0,8
AMD Ryzen 7 3800X,291.0,105.0,2019-07-01,AM4,3900.0,8
AMD Ryzen 7 3800XT,450.0,105.0,2020-07-01,AM4,3900.0,8
AMD Ryzen 7 4700G,237.3,65.0,2020-09-01,AM4,3600.0,8
AMD Ryzen 7 4700GE,0.0,35.0,2020-09-01,AM4,3100.0,8
AMD Ryzen 7 5700,0.0,0.0,2022-08-01,AM4,3700.0,8
AMD Ryzen 7 5700G,178.61,65.0,2021-05-01,AM4,3800.0,8
AMD Ryzen 7 5700GE,0.0,35.0,2021-06-01,AM4,3200.0,8
AMD Ryzen 7 5700X,199.99,65.0,2022-04-01,AM4,3400.0,8
AMD Ryzen 7 5800,0.0,65.0,2021-03-01,AM4,3400.0,8
AMD Ryzen 7 5800X,239.99,105.0,2020-11-01,AM4,3800.0,8
AMD Ryzen 7 5800X3D,366.0,105.0,2022-04-01,AM4,3400.0,8
AMD Ryzen 7 7700X,340.01,105.0,2022-10-01,AM5,4500.0,8
AMD Ryzen 7 PRO 1700,0.0,65.0,2017-09-01,AM4,3000.0,8
AMD Ryzen 7 PRO 1700X,0.0,95.0,2017-06-01,AM4,3400.0,8
AMD Ryzen 7 PRO 2700,0.0,65.0,2018-08-01,AM4,3200.0,8
AMD Ryzen 7 PRO 2700X,0.0,105.0,2018-07-01,AM4,3700.0,8
AMD Ryzen 7 PRO 3700,329.99,65.0,2019-09-01,AM4,3600.0,8
AMD Ryzen 7 PRO 4700G,0.0,65.0,2020-08-01,AM4,3600.0,8
AMD Ryzen 7 PRO 4750G,259.99,65.0,2020-07-01,AM4,3600.0,8
AMD Ryzen 7 PRO 4750GE,0.0,35.0,2020-09-01,AM4,3100.0,8
AMD Ryzen 7 PRO 5750G,0.0,65.0,2021-06-01,AM4,3800.0,8
AMD Ryzen 7 PRO 5750GE,0.0,35.0,2021-06-01,AM4,3200.0,8
AMD Ryzen 7 PRO 5845,0.0,65.0,2022-09-01,AM4,3400.0,8
AMD Ryzen 9 3900,504.74,65.0,2019-10-01,AM4,3100.0,12
AMD Ryzen 9 3900X,380.0,105.0,2019-07-01,AM4,3800.0,12
AMD Ryzen 9 3900XT,369.99,105.0,2020-07-01,AM4,3800.0,12
AMD Ryzen 9 3950X,541.3,105.0,2019-11-01,AM4,3500.0,16
AMD Ryzen 9 5900,0.0,65.0,2021-04-01,AM4,3000.0,12
AMD Ryzen 9 5900X,340.0,105.0,2020-11-01,AM4,3700.0,12
AMD Ryzen 9 5950X,498.99,105.0,2020-10-01,AM4,3400.0,16
AMD Ryzen 9 7900X,439.99,170.0,2022-09-01,AM5,4700.0,12
AMD Ryzen 9 7950X,573.84,170.0,2022-09-01,AM5,4500.0,16
AMD Ryzen 9 PRO 3900,0.0,65.0,2019-09-01,AM4,3100.0,12
AMD Ryzen 9 PRO 5945,0.0,0.0,2022-09-01,AM4,3000.0,12
AMD Ryzen Threadripper 1900X,199.99,180.0,2017-09-01,sTR4,3800.0,8
AMD Ryzen Threadripper 1920,0.0,140.0,2021-08-01,sTR4,3200.0,12
AMD Ryzen Threadripper 1920X,300.0,180.0,2017-08-01,sTR4,3500.0,12
AMD Ryzen Threadripper 1950X,548.7,180.0,2017-08-01,sTR4,3400.0,16
AMD Ryzen Threadripper 2920X,992.0,180.0,2018-11-01,sTR4,3500.0,12
AMD Ryzen Threadripper 2950X,1454.0,180.0,2018-09-01,sTR4,3500.0,16
AMD Ryzen Threadripper 2990X,0.0,250.0,2018-10-01,TR4,3400.0,32
AMD Ryzen Threadripper 3960X,1355.0,280.0,2019-12-01,sTRX4,3800.0,24
AMD Ryzen Threadripper 3970X,3168.99,280.0,2019-12-01,sTRX4,3700.0,32
AMD Ryzen Threadripper 3990X,7462.95,280.0,2020-02-01,sTRX4,2900.0,64
AMD Sempron 140,11.95,45.0,2009-08-01,AM3,2700.0,1
AMD Sempron 145,39.99,45.0,2010-10-01,AM3,2800.0,1
AMD Sempron 150,14.95,45.0,2011-04-01,AM3,2900.0,1
AMD Sempron 2200+,39.95,0.0,2009-01-01,Socket A,1500.0,1
AMD Sempron 2300+,45.0,0.0,2009-03-01,Socket A,1583.0,1
AMD Sempron 240,36.1,65.0,2018-10-01,FM2,2900.0,2
AMD Sempron 2400+,12.99,0.0,2008-12-01,Socket A,1667.0,1
AMD Sempron 2500+,59.95,0.0,2009-03-01,Socket A,1750.0,1
AMD Sempron 2600+,34.95,0.0,2008-12-01,Socket A,1833.0,1
AMD Sempron 2800+,29.95,62.0,2008-12-01,AM2,2000.0,1
AMD Sempron 3000+,34.95,62.0,2008-12-01,AM2,2000.0,1
AMD Sempron 3100+,65.0,62.0,2009-03-01,754,1800.0,1
AMD Sempron 3200+,124.68,62.0,2009-01-01,AM2,1800.0,1
AMD Sempron 3300+,20.0,62.0,2008-12-01,754,2200.0,1
AMD Sempron 3400+,86.68,62.0,2008-12-01,AM2,2000.0,1
AMD Sempron 3500+,24.99,62.0,2009-03-01,AM2,2000.0,1
AMD Sempron 3600+,15.0,62.0,2009-03-01,AM2,2000.0,1
AMD Sempron 3800+,14.99,62.0,2008-12-01,AM2,2200.0,1
AMD Sempron LE-1100,34.95,45.0,2009-03-01,AM2,1900.0,1
AMD Sempron LE-1150,14.94,45.0,2009-03-01,AM2,2000.0,1
AMD Sempron LE-1200,14.95,45.0,2009-03-01,AM2,2100.0,1
AMD Sempron LE-1250,99.99,45.0,2009-02-01,AM2,2200.0,1
AMD Sempron LE-1300,27.0,45.0,2009-05-01,AM2,2300.0,1
AMD Sempron X2 198 Dual-Core,0.0,65.0,2015-05-01,FM1,2500.0,2
AMD Ryzen 9 5950X,2494.95,105.0,2020-10-01,AM4,3400.0,16
Intel Atom 230 @ 1.60GHz,0.0,4.0,2009-03-01,BGA437,1600.0,1
Intel Atom 330 @ 1.60GHz,0.0,8.0,2009-02-01,BGA437,1600.0,2
Intel Atom D2500 @ 1.86GHz,0.0,10.0,2012-04-01,BGA559,1860.0,2
Intel Atom D2550 @ 1.86GHz,0.0,10.0,2012-07-01,BGA559,1867.0,2
Intel Atom D2700 @ 2.13GHz,0.0,10.0,2011-12-01,BGA559,2130.0,2
Intel Atom D410 @ 1.66GHz,635.99,10.0,2010-02-01,BGA559,1660.0,1
Intel Atom D425 @ 1.80GHz,992.98,10.0,2011-01-01,BGA559,1800.0,1
Intel Atom D510 @ 1.66GHz,97.16,13.0,2010-01-01,BGA559,1660.0,2
Intel Atom D525 @ 1.80GHz,0.0,13.0,2010-06-01,BGA559,1800.0,2
Intel Atom E3815 @ 1.46GHz,135.0,5.0,2014-05-01,FCBGA1170,1460.0,1
Intel Atom E3825 @ 1.33GHz,70.32,6.0,2014-06-01,FCBGA1170,1330.0,2
Intel Atom E3845 @ 1.91GHz,0.0,10.0,2014-05-01,FCBGA1170,1910.0,4
Intel Celeron 1.80GHz,0.0,66.1,2009-03-01,PPGA478,1800.0,1
Intel Celeron 1019Y @ 1.00GHz,0.0,10.0,2014-05-01,FCBGA1023,1000.0,2
Intel Celeron 1047UE @ 1.40GHz,0.0,17.0,2014-02-01,FCBGA1023,1400.0,2
Intel Celeron 2.00GHz,0.0,52.8,2009-02-01,PPGA478,2000.0,1
Intel Celeron 2.80GHz,0.0,68.4,2008-12-01,PPGA478,2800.0,1
Intel Celeron 220 @ 1.20GHz,0.0,19.0,2009-03-01,BGA479,1200.0,1
Intel Celeron 420 @ 1.60GHz,49.95,35.0,2009-02-01,LGA775,1600.0,1
Intel Celeron 430 @ 1.80GHz,59.95,35.0,2009-02-01,LGA775,1800.0,1
Intel Celeron 440 @ 2.00GHz,40.99,35.0,2009-03-01,LGA775,2000.0,1
Intel Celeron 450 @ 2.20GHz,299.0,35.0,2009-03-01,LGA775,2200.0,1
Intel Celeron D 347 @ 3.06GHz,0.0,86.0,2008-11-01,PLGA775,3060.0,1
Intel Celeron D 352 @ 3.20GHz,0.0,86.0,2009-02-01,PLGA775,3200.0,1
Intel Celeron D 356 @ 3.33GHz,0.0,86.0,2009-03-01,PLGA775,3330.0,1
Intel Celeron D 360 @ 3.46GHz,0.0,65.0,2008-12-01,PLGA775,3460.0,1
Intel Celeron D 420 @ 1.60GHz,0.0,35.0,2011-04-01,LGA775,1600.0,1
Intel Celeron E1200 @ 1.60GHz,99.95,65.0,2008-12-01,LGA775,1600.0,2
Intel Celeron E1400 @ 2.00GHz,14.0,65.0,2009-02-01,LGA775,2000.0,2
Intel Celeron E1500 @ 2.20GHz,19.65,65.0,2009-05-01,LGA775,2200.0,2
Intel Celeron E1600 @ 2.40GHz,0.0,65.0,2009-10-01,LGA775,2400.0,2
Intel Celeron E3200 @ 2.40GHz,19.99,65.0,2009-08-01,LGA775,2400.0,2
Intel Celeron E3300 @ 2.50GHz,64.78,65.0,2009-09-01,LGA775,2500.0,2
Intel Celeron E3400 @ 2.60GHz,39.99,65.0,2010-03-01,LGA775,2600.0,2
Intel Celeron E3500 @ 2.70GHz,19.99,65.0,2011-03-01,LGA775,2700.0,2
Intel Celeron G1101 @ 2.27GHz,19.77,73.0,2011-04-01,FCLGA1156,2270.0,2
Intel Celeron G1610 @ 2.60GHz,37.0,55.0,2012-12-01,FCLGA1155,2600.0,2
Intel Celeron G1610T @ 2.30GHz,14.98,35.0,2013-11-01,LGA1155,2300.0,2
Intel Celeron G1620 @ 2.70GHz,70.1,55.0,2013-02-01,FCLGA1155,2700.0,2
Intel Celeron G1620T @ 2.40GHz,42.0,35.0,2014-03-01,LGA1155,2400.0,2
Intel Celeron G1630 @ 2.80GHz,69.99,55.0,2013-10-01,FCLGA1155,2800.0,2
Intel Celeron G1820 @ 2.70GHz,48.29,53.0,2014-01-01,FCLGA1150,2700.0,2
Intel Celeron G1820T @ 2.40GHz,42.0,35.0,2014-02-01,LGA1150,2400.0,2
Intel Celeron G1820TE @ 2.20GHz,0.0,35.0,2014-10-01,LGA1150,2200.0,2
Intel Celeron G1830 @ 2.80GHz,89.0,53.0,2014-02-01,LGA1150,2800.0,2
Intel Celeron G1840 @ 2.80GHz,54.96,53.0,2014-06-01,FCLGA1150,2800.0,2
Intel Celeron G1840T @ 2.50GHz,0.0,35.0,2015-04-01,LGA1150,2500.0,2
Intel Celeron G1850 @ 2.90GHz,99.0,54.0,2014-05-01,FCLGA1150,2900.0,2
Intel Celeron G3900 @ 2.80GHz,51.99,51.0,2016-02-01,FCLGA1151,2800.0,2
Intel Celeron G3920 @ 2.90GHz,1017.98,51.0,2016-06-01,FCLGA1151,2900.0,2
Intel Celeron G3930 @ 2.90GHz,29.99,51.0,2017-02-01,FCLGA1151,2900.0,2
Intel Celeron G3930T @ 2.70GHz,94.0,35.0,2018-11-01,FCLGA1151,2700.0,2
Intel Celeron G3930TE @ 2.70GHz,42.0,35.0,2019-08-01,FCLGA1151,2700.0,2
Intel Celeron G3950 @ 3.00GHz,143.0,51.0,2017-03-01,FCLGA1151,3000.0,2
Intel Celeron G440 @ 1.60GHz,91.0,35.0,2012-02-01,LGA1155,1600.0,1
Intel Celeron G460 @ 1.80GHz,55.0,35.0,2012-02-01,LGA1155,1800.0,1
Intel Celeron G465 @ 1.90GHz,40.0,35.0,2012-01-01,LGA1155,1900.0,1
Intel Celeron G470 @ 2.00GHz,35.15,35.0,2014-03-01,LGA1155,2000.0,1
Intel Celeron G4900 @ 3.10GHz,86.38,54.0,2018-06-01,FCLGA1151-2,3100.0,2
Intel Celeron G4900T @ 2.90GHz,68.95,35.0,2018-03-01,FCLGA1151-2,2900.0,2
Intel Celeron G4920 @ 3.20GHz,126.89,54.0,2018-08-01,FCLGA1151-2,3200.0,2
Intel Celeron G4930 @ 3.20GHz,52.99,54.0,2019-09-01,FCLGA1151-2,3200.0,2
Intel Celeron G4930T @ 3.00GHz,42.0,35.0,2020-07-01,FCLGA1151,3000.0,2
Intel Celeron G4950 @ 3.30GHz,119.99,54.0,2021-03-01,FCLGA1151,3300.0,2
Intel Celeron G530 @ 2.40GHz,24.99,65.0,2011-09-01,LGA1155,2400.0,2
Intel Celeron G530T @ 2.00GHz,16.99,35.0,2011-01-01,LGA1155,2000.0,2
Intel Celeron G540 @ 2.50GHz,11.03,65.0,2011-10-01,LGA1155,2500.0,2
Intel Celeron G540T @ 2.10GHz,0.0,35.0,2012-07-01,LGA1155,2100.0,2
Intel Celeron G550 @ 2.60GHz,49.0,65.0,2012-07-01,LGA1155,2600.0,2
Intel Celeron G550T @ 2.20GHz,0.0,35.0,2014-08-01,LGA1155,2200.0,2
Intel Celeron G555 @ 2.70GHz,53.98,65.0,2012-01-01,LGA1155,2700.0,2
Intel Celeron G5900 @ 3.40GHz,72.49,58.0,2020-06-01,FCLGA1200,3400.0,2
Intel Celeron G5900T @ 3.20GHz,42.0,35.0,2021-10-01,FCLGA1200,3200.0,2
Intel Celeron G5905 @ 3.50GHz,36.99,58.0,2020-09-01,FCLGA1200,3500.0,2
Intel Celeron G5905T @ 3.30GHz,42.0,35.0,2021-05-01,FCLGA1200,3300.0,2
Intel Celeron G5920 @ 3.50GHz,53.0,58.0,2020-12-01,FCLGA1200,3500.0,2
Intel Celeron G5925 @ 3.60GHz,64.99,58.0,2021-06-01,FCLGA1200,3600.0,2
Intel Celeron G6900T,42.0,35.0,2022-07-01,FCLGA1700,2800.0,2
Intel Celeron J1750 @ 2.41GHz,0.0,10.0,2014-04-01,FCBGA1170,2410.0,2
Intel Celeron J1800 @ 2.41GHz,0.0,10.0,2014-02-01,FCBGA1170,2410.0,2
Intel Celeron J1850 @ 1.99GHz,0.0,10.0,2013-10-01,FCBGA1170,1990.0,4
Intel Celeron J1900 @ 1.99GHz,0.0,10.0,2014-01-01,FCBGA1170,1990.0,4
Intel Celeron J3060 @ 1.60GHz,0.0,6.0,2016-08-01,BGA1170,1600.0,2
Intel Celeron J3160 @ 1.60GHz,0.0,6.0,2016-05-01,BGA1170,1600.0,4
Intel Celeron J3455 @ 1.50GHz,349.0,10.0,2016-10-01,FCBGA1296,1500.0,4
Intel Celeron J3455E @ 1.50GHz,0.0,10.0,2020-08-01,FCBGA1296,1500.0,4
Intel Celeron J4005 @ 2.00GHz,168.75,10.0,2018-02-01,FCBGA1090,2000.0,2
Intel Celeron J4025 @ 2.00GHz,0.0,10.0,2020-02-01,FCBGA1090,2000.0,2
Intel Celeron J4105 @ 1.50GHz,107.0,10.0,2018-01-01,FCBGA1090,1500.0,4
Intel Celeron J4125 @ 2.00GHz,0.0,10.0,2020-02-01,FCBGA1090,2000.0,4
Intel Celeron N5095 @ 2.00GHz,0.0,15.0,2021-08-01,FCBGA1338,2000.0,4
Intel Celeron N5095A @ 2.00GHz,0.0,15.0,2022-03-01,FCBGA1338,2000.0,4
Intel Core Duo L2300 @ 1.50GHz,0.0,15.0,2010-02-01,BGA479,1500.0,2
Intel Core Duo T2050 @ 1.60GHz,0.0,31.0,2008-12-01,PGA478,1600.0,2
Intel Core i3-10100 @ 3.60GHz,104.0,65.0,2020-05-01,FCLGA1200,3600.0,4
Intel Core i3-10100F @ 3.60GHz,75.99,65.0,2020-10-01,FCLGA1200,3600.0,4
Intel Core i3-10105 @ 3.70GHz,114.99,65.0,2021-04-01,FCLGA1200,3700.0,4
Intel Core i3-10105F @ 3.70GHz,85.19,0.0,2021-03-01,FCLGA1200,3700.0,4
Intel Core i3-10105T @ 3.00GHz,122.0,35.0,2021-06-01,FCLGA1200,3000.0,4
Intel Core i3-10300 @ 3.70GHz,169.99,65.0,2020-06-01,FCLGA1200,3700.0,4
Intel Core i3-10300T @ 3.00GHz,193.97,35.0,2020-09-01,FCLGA1200,3000.0,4
Intel Core i3-10305 @ 3.80GHz,169.99,65.0,2021-06-01,FCLGA1200,3800.0,4
Intel Core i3-10305T @ 3.00GHz,143.0,35.0,2021-06-01,FCLGA1200,3000.0,4
Intel Core i3-10320 @ 3.80GHz,139.99,65.0,2020-12-01,FCLGA1200,3800.0,4
Intel Core i3-10325 @ 3.90GHz,190.1,65.0,2022-01-01,FCLGA1200,3900.0,4
Intel Core i3-12100,122.0,60.0,2022-01-01,FCLGA1700,3300.0,4
Intel Core i3-12100F,115.99,58.0,2022-01-01,FCLGA1700,3300.0,4
Intel Core i3-12100T,122.0,35.0,2022-03-01,FCLGA1700,2200.0,4
Intel Core i3-12300,143.0,60.0,2022-02-01,LGA 1700,3500.0,4
Intel Core i3-12300T,157.0,35.0,2022-11-01,FCLGA1700,2300.0,4
Intel Core i3-2100 @ 3.10GHz,49.0,65.0,2011-01-01,LGA1155,3100.0,2
Intel Core i3-2100T @ 2.50GHz,20.98,35.0,2011-02-01,LGA1155,2500.0,2
Intel Core i3-2102 @ 3.10GHz,58.0,65.0,2016-03-01,FCLGA1155,3100.0,2
Intel Core i3-2105 @ 3.10GHz,112.97,65.0,2011-07-01,LGA1155,3100.0,2
Intel Core i3-2120 @ 3.30GHz,32.0,65.0,2011-02-01,LGA1155,3300.0,2
Intel Core i3-2120T @ 2.60GHz,75.0,35.0,2011-09-01,LGA1155,2600.0,2
Intel Core i3-2125 @ 3.30GHz,152.0,65.0,2011-09-01,LGA1155,3300.0,2
Intel Core i3-2130 @ 3.40GHz,53.19,65.0,2011-09-01,LGA1155,3400.0,2
Intel Core i3-2330E @ 2.20GHz,0.0,35.0,2014-04-01,rPGA988,2200.0,2
Intel Core i3-3210 @ 3.20GHz,70.0,55.0,2013-01-01,LGA1155,3200.0,2
Intel Core i3-3220 @ 3.30GHz,41.96,55.0,2012-08-01,LGA1155,3300.0,2
Intel Core i3-3220T @ 2.80GHz,199.0,35.0,2012-09-01,LGA1155,2800.0,2
Intel Core i3-3225 @ 3.30GHz,172.0,55.0,2012-09-01,LGA1155,3300.0,2
Intel Core i3-3229Y @ 1.40GHz,0.0,13.0,2013-01-01,BGA1023,1400.0,2
Intel Core i3-3240 @ 3.40GHz,33.0,55.0,2012-03-01,LGA1155,3400.0,2
Intel Core i3-3240T @ 2.90GHz,0.0,35.0,2012-01-01,LGA1155,2900.0,2
Intel Core i3-3245 @ 3.40GHz,145.0,55.0,2013-01-01,LGA1155,3400.0,2
Intel Core i3-3250 @ 3.50GHz,80.1,55.0,2013-01-01,LGA1155,3500.0,2
Intel Core i3-3250T @ 3.00GHz,0.0,35.0,2016-03-01,FCLGA1155,3000.0,2
Intel Core i3-4010Y @ 1.30GHz,0.0,11.5,2013-12-01,BGA1168,1300.0,2
Intel Core i3-4020Y @ 1.50GHz,0.0,11.5,2014-01-01,BGA1168,1500.0,2
Intel Core i3-4130 @ 3.40GHz,53.88,54.0,2013-01-01,LGA1150,3400.0,2
Intel Core i3-4130T @ 2.90GHz,248.56,35.0,2013-01-01,LGA1150,2900.0,2
Intel Core i3-4150 @ 3.50GHz,72.83,54.0,2014-05-01,FCLGA1150,3500.0,2
Intel Core i3-4150T @ 3.00GHz,417.42,35.0,2014-07-01,FCLGA1150,3000.0,2
Intel Core i3-4160 @ 3.60GHz,168.64,54.0,2014-08-01,FCLGA1150,3600.0,2
Intel Core i3-4160T @ 3.10GHz,59.99,35.0,2014-10-01,LGA1150,3100.0,2
Intel Core i3-4170 @ 3.70GHz,43.72,54.0,2015-05-01,LGA1150,3700.0,2
Intel Core i3-4170T @ 3.20GHz,199.95,35.0,2015-10-01,LGA1150,3200.0,2
Intel Core i3-4330 @ 3.50GHz,169.95,54.0,2013-01-01,LGA1150,3500.0,2
Intel Core i3-4330T @ 3.00GHz,0.0,35.0,2014-02-01,LGA1150,3000.0,2
Intel Core i3-4330TE @ 2.40GHz,0.0,35.0,2014-01-01,LGA1150,2400.0,2
Intel Core i3-4340 @ 3.60GHz,149.99,54.0,2013-01-01,LGA1150,3600.0,2
Intel Core i3-4350 @ 3.60GHz,114.88,54.0,2014-06-01,LGA1150,3600.0,2
Intel Core i3-4360 @ 3.70GHz,110.99,54.0,2014-05-01,FCLGA1150,3700.0,2
Intel Core i3-4360T @ 3.20GHz,0.0,35.0,2014-08-01,LGA1150,3200.0,2
Intel Core i3-4370 @ 3.80GHz,123.99,54.0,2014-09-01,LGA1150,3800.0,2
Intel Core i3-4370T @ 3.30GHz,138.0,35.0,2017-11-01,FCLGA1150,3300.0,2
Intel Core i3-4570T @ 2.90GHz,0.0,35.0,2014-02-01,FCLGA1150,2900.0,2
Intel Core i3-530 @ 2.93GHz,19.97,73.0,2010-01-01,LGA1156,2930.0,2
Intel Core i3-540 @ 3.07GHz,179.95,73.0,2010-01-01,LGA1156,3070.0,2
Intel Core i3-550 @ 3.20GHz,261.0,73.0,2010-06-01,LGA1156,3200.0,2
Intel Core i3-560 @ 3.33GHz,36.97,73.0,2010-09-01,LGA1156,3330.0,2
Intel Core i3-6098P @ 3.60GHz,81.63,54.0,2016-02-01,LGA 1151,3600.0,2
Intel Core i3-6100 @ 3.70GHz,115.0,51.0,2015-10-01,LGA 1151,3700.0,2
Intel Core i3-6100T @ 3.20GHz,105.99,35.0,2015-11-01,LGA 1151,3200.0,2
Intel Core i3-6100TE @ 2.70GHz,0.0,35.0,2015-12-01,LGA 1151,2700.0,2
Intel Core i3-6300 @ 3.80GHz,89.04,51.0,2015-10-01,LGA 1151,3800.0,2
Intel Core i3-6300T @ 3.30GHz,90.0,35.0,2015-10-01,LGA 1151,3300.0,2
Intel Core i3-6320 @ 3.90GHz,96.6,51.0,2015-10-01,LGA 1151,3900.0,2
Intel Core i3-7100 @ 3.90GHz,115.0,51.0,2017-01-01,FCLGA1151,3900.0,2
Intel Core i3-7100T @ 3.40GHz,149.88,35.0,2017-02-01,FCLGA1151,3400.0,2
Intel Core i3-7101E @ 3.90GHz,117.0,54.0,2020-01-01,FCLGA1151,3900.0,2
Intel Core i3-7101TE @ 3.40GHz,117.0,35.0,2017-10-01,FCLGA1151,3400.0,2
Intel Core i3-7300 @ 4.00GHz,140.97,51.0,2017-01-01,FCLGA1151,4000.0,2
Intel Core i3-7300T @ 3.50GHz,181.59,35.0,2017-05-01,FCLGA1151,3500.0,2
Intel Core i3-7320 @ 4.10GHz,128.94,51.0,2017-01-01,FCLGA1151,4100.0,2
Intel Core i3-7350K @ 4.20GHz,109.99,60.0,2017-01-01,FCLGA1151,4200.0,2
Intel Core i3-8100 @ 3.60GHz,59.99,65.0,2017-10-01,FCLGA1151-2,3600.0,4
Intel Core i3-8100T @ 3.10GHz,219.05,35.0,2018-08-01,FCLGA1151-2,3100.0,4
Intel Core i3-8300 @ 3.70GHz,169.97,62.0,2018-06-01,FCLGA1151-2,3700.0,4
Intel Core i3-8300T @ 3.20GHz,158.95,25.0,2018-06-01,FCLGA1151-2,3200.0,4
Intel Core i3-8350K @ 4.00GHz,133.6,91.0,2017-10-01,FCLGA1151-2,4000.0,4
Intel Core i3-9100 @ 3.60GHz,99.99,65.0,2019-06-01,FCLGA1151-2,3600.0,4
Intel Core i3-9100F @ 3.60GHz,98.99,65.0,2019-05-01,FCLGA1151-2,3600.0,4
Intel Core i3-9100T @ 3.10GHz,122.0,35.0,2019-07-01,FCLGA1151-2,3100.0,4
Intel Core i3-9300 @ 3.70GHz,255.0,62.0,2019-07-01,FCLGA1151-2,3700.0,4
Intel Core i3-9300T @ 3.20GHz,143.0,35.0,2019-07-01,FCLGA1151-2,3200.0,4
Intel Core i3-9320 @ 3.70GHz,215.67,62.0,2019-09-01,FCLGA1151-2,3700.0,4
Intel Core i3-9350K @ 4.00GHz,293.22,91.0,2020-05-01,FCLGA1151,4000.0,4
Intel Core i3-9350KF @ 4.00GHz,146.07,91.0,2019-05-01,FCLGA1151-2,4000.0,4
Intel Core i5 750S @ 2.40GHz,210.19,82.0,2012-07-01,LGA1156,2400.0,4
Intel Core i5 E 520 @ 2.40GHz,0.0,35.0,2010-01-01,BGA1288,2400.0,2
Intel Core i5-10400 @ 2.90GHz,140.99,65.0,2020-05-01,FCLGA1200,2900.0,6
Intel Core i5-10400F @ 2.90GHz,121.09,65.0,2020-06-01,FCLGA1200,2900.0,6
Intel Core i5-10400T @ 2.00GHz,182.0,35.0,2020-08-01,FCLGA1200,2000.0,6
Intel Core i5-10500 @ 3.10GHz,195.99,65.0,2020-06-01,FCLGA1200,3100.0,6
Intel Core i5-10500T @ 2.30GHz,192.0,35.0,2020-06-01,FCLGA1200,2300.0,6
Intel Core i5-10505 @ 3.20GHz,0.0,65.0,2021-06-01,FCLGA1200,3200.0,6
Intel Core i5-10600 @ 3.30GHz,208.42,65.0,2020-06-01,FCLGA1200,3300.0,6
Intel Core i5-10600K @ 4.10GHz,176.92,125.0,2020-05-01,FCLGA1200,4100.0,6
Intel Core i5-10600KF @ 4.10GHz,169.99,125.0,2020-07-01,FCLGA1200,4100.0,6
Intel Core i5-10600T @ 2.40GHz,213.0,35.0,2020-09-01,FCLGA1200,2400.0,6
Intel Core i5-11400 @ 2.60GHz,144.83,65.0,2021-03-01,FCLGA1200,2600.0,6
Intel Core i5-11400F @ 2.60GHz,130.0,65.0,2021-03-01,FCLGA1200,2600.0,6
Intel Core i5-11400T @ 1.30GHz,182.0,35.0,2021-06-01,FCLGA1200,1300.0,6
Intel Core i5-11500 @ 2.70GHz,222.73,65.0,2021-04-01,FCLGA1200,2700.0,6
Intel Core i5-11500T @ 1.50GHz,192.0,35.0,2021-09-01,FCLGA1200,1500.0,6
Intel Core i5-11600 @ 2.80GHz,247.98,65.0,2021-04-01,FCLGA1200,2800.0,6
Intel Core i5-11600K @ 3.90GHz,214.99,125.0,2021-04-01,FCLGA1200,3900.0,6
Intel Core i5-11600KF @ 3.90GHz,196.94,125.0,2021-04-01,FCLGA1200,3900.0,6
Intel Core i5-11600T @ 1.70GHz,213.0,35.0,2021-11-01,FCLGA1200,1700.0,6
Intel Core i5-12400,192.0,65.0,2022-01-01,LGA 1700,2500.0,6
Intel Core i5-12400F,176.45,65.0,2022-01-01,FCLGA1700,2500.0,6
Intel Core i5-12400T,169.99,74.0,2022-08-01,FCLGA1700,1800.0,6
Intel Core i5-12490F,212.22,65.0,2022-06-01,LGA1700,3000.0,6
Intel Core i5-12500,202.0,65.0,2022-01-01,LGA 1700,3000.0,6
Intel Core i5-12500T,202.0,35.0,2022-04-01,FCLGA1700,2000.0,6
Intel Core i5-12600,280.24,65.0,2022-01-01,LGA 1700,3300.0,6
Intel Core i5-12600K,259.99,150.0,2021-11-01,FCLGA1700,3700.0,6
Intel Core i5-12600KF,233.99,150.0,2021-11-01,FCLGA1700,3600.0,6
Intel Core i5-12600T,0.0,35.0,2022-03-01,FCLGA1700,2100.0,6
Intel Core i5-13400,0.0,65.0,2022-08-01,FCLGA1700,2500.0,6
Intel Core i5-13500,0.0,0.0,2022-08-01,FCLGA1700,2500.0,6
Intel Core i5-13600K,319.99,125.0,2022-09-01,FCLGA1700,3500.0,6
Intel Core i5-13600KF,309.79,125.0,2022-10-01,FCLGA1700,3500.0,6
Intel Core i5-2300 @ 2.80GHz,40.26,95.0,2011-01-01,LGA1155,2800.0,4
Intel Core i5-2310 @ 2.90GHz,99.99,95.0,2011-06-01,LGA1155,2900.0,4
Intel Core i5-2320 @ 3.00GHz,26.41,95.0,2011-09-01,LGA1155,3000.0,4
Intel Core i5-2380P @ 3.10GHz,183.43,95.0,2012-03-01,LGA1155,3100.0,4
Intel Core i5-2390T @ 2.70GHz,99.9,35.0,2011-08-01,LGA1155,2700.0,2
Intel Core i5-2400 @ 3.10GHz,50.1,95.0,2010-12-01,LGA1155,3100.0,4
Intel Core i5-2400S @ 2.50GHz,110.19,65.0,2011-01-01,LGA1155,2500.0,4
Intel Core i5-2405S @ 2.50GHz,216.18,65.0,2011-06-01,LGA1155,2500.0,4
Intel Core i5-2415M @ 2.30GHz,0.0,35.0,2011-02-01,BGA1023,2300.0,2
Intel Core i5-2450P @ 3.20GHz,129.99,95.0,2012-02-01,LGA1155,3200.0,4
Intel Core i5-2500 @ 3.30GHz,50.19,95.0,2010-12-01,LGA1155,3300.0,4
Intel Core i5-2500K @ 3.30GHz,71.43,95.0,2010-12-01,LGA1155,3300.0,4
Intel Core i5-2500S @ 2.70GHz,55.34,65.0,2011-02-01,LGA1155,2700.0,4
Intel Core i5-2500T @ 2.30GHz,89.99,45.0,2011-06-01,LGA1155,2300.0,4
Intel Core i5-2515E @ 2.50GHz,0.0,35.0,2011-12-01,BGA1023,2500.0,2
Intel Core i5-2550K @ 3.40GHz,103.88,95.0,2012-02-01,LGA1155,3400.0,4
Intel Core i5-3330 @ 3.00GHz,114.9,77.0,2012-10-01,LGA1155,3000.0,4
Intel Core i5-3330S @ 2.70GHz,199.95,65.0,2012-01-01,LGA1155,2700.0,4
Intel Core i5-3335S @ 2.70GHz,0.0,65.0,2012-09-01,LGA1155,2700.0,4
Intel Core i5-3339Y @ 1.50GHz,0.0,13.0,2013-01-01,BGA1023,1500.0,2
Intel Core i5-3340 @ 3.10GHz,195.0,77.0,2013-10-01,LGA1155,3100.0,4
Intel Core i5-3340S @ 2.80GHz,319.19,65.0,2013-11-01,LGA1155,2800.0,4
Intel Core i5-3350P @ 3.10GHz,223.19,69.0,2012-10-01,LGA1155,3100.0,4
Intel Core i5-3439Y @ 1.50GHz,0.0,13.0,2013-01-01,BGA1023,1500.0,2
Intel Core i5-3450 @ 3.10GHz,115.0,77.0,2012-04-01,LGA1155,3100.0,4
Intel Core i5-3450S @ 2.80GHz,95.0,65.0,2012-05-01,LGA1155,2800.0,4
Intel Core i5-3470 @ 3.20GHz,100.0,77.0,2012-07-01,LGA1155,3200.0,4
Intel Core i5-3470S @ 2.90GHz,72.03,65.0,2012-07-01,LGA1155,2900.0,4
Intel Core i5-3470T @ 2.90GHz,269.95,35.0,2012-06-01,LGA1155,2900.0,2
Intel Core i5-3475S @ 2.90GHz,249.95,65.0,2012-01-01,LGA1155,2900.0,4
Intel Core i5-3550 @ 3.30GHz,335.31,77.0,2012-03-01,LGA1155,3300.0,4
Intel Core i5-3550S @ 3.00GHz,319.95,65.0,2012-06-01,LGA1155,3000.0,4
Intel Core i5-3570 @ 3.40GHz,95.03,77.0,2012-07-01,LGA1155,3400.0,4
Intel Core i5-3570K @ 3.40GHz,55.19,77.0,2012-04-01,LGA1155,3400.0,4
Intel Core i5-3570S @ 3.10GHz,105.0,65.0,2012-07-01,LGA1155,3100.0,4
Intel Core i5-3570T @ 2.30GHz,0.0,45.0,2012-09-01,LGA1155,2300.0,4
Intel Core i5-4200H @ 2.80GHz,0.0,47.0,2014-01-01,BGA1364,2800.0,2
Intel Core i5-4200Y @ 1.40GHz,0.0,11.5,2013-01-01,BGA1168,1400.0,2
Intel Core i5-4202Y @ 1.60GHz,0.0,11.5,2014-02-01,FCBGA1168,1600.0,2
Intel Core i5-4210Y @ 1.50GHz,0.0,11.0,2013-01-01,BGA1168,1500.0,2
Intel Core i5-4300Y @ 1.60GHz,0.0,11.5,2013-01-01,BGA1168,1600.0,2
Intel Core i5-4302Y @ 1.60GHz,0.0,11.5,2014-01-01,FCBGA1168,1600.0,2
Intel Core i5-4400E @ 2.70GHz,266.0,37.0,2014-03-01,BGA1364,2700.0,2
Intel Core i5-4430 @ 3.00GHz,78.5,84.0,2013-06-01,LGA1150,3000.0,4
Intel Core i5-4430S @ 2.70GHz,91.99,65.0,2013-12-01,LGA1150,2700.0,4
Intel Core i5-4440 @ 3.10GHz,14.99,84.0,2013-01-01,FCLGA1150,3100.0,4
Intel Core i5-4440S @ 2.80GHz,125.0,65.0,2013-12-01,LGA1150,2800.0,4
Intel Core i5-4460 @ 3.20GHz,43.99,84.0,2014-05-01,LGA1150,3200.0,4
Intel Core i5-4460S @ 2.90GHz,159.95,65.0,2014-05-01,LGA1150,2900.0,4
Intel Core i5-4460T @ 1.90GHz,0.0,35.0,2014-09-01,LGA1150,1900.0,4
Intel Core i5-4470 @ 3.30GHz,0.0,84.0,2022-10-01,LGA1150,3300.0,4
Intel Core i5-4470S @ 3.00GHz,0.0,65.0,2020-09-01,LGA1150,3000.0,4
Intel Core i5-4570 @ 3.20GHz,88.47,84.0,2013-06-01,LGA1150,3200.0,4
Intel Core i5-4570R @ 2.70GHz,0.0,65.0,2013-04-01,FCBGA1364,2700.0,4
Intel Core i5-4570S @ 2.90GHz,111.0,65.0,2013-06-01,LGA1150,2900.0,4
Intel Core i5-4570T @ 2.90GHz,372.4,35.0,2013-01-01,LGA1150,2900.0,2
Intel Core i5-4570TE @ 2.70GHz,341.99,35.0,2014-09-01,LGA1150,2700.0,2
Intel Core i5-4590 @ 3.30GHz,72.19,84.0,2014-05-01,LGA1150,3300.0,4
Intel Core i5-4590S @ 3.00GHz,260.0,65.0,2014-05-01,LGA1150,3000.0,4
Intel Core i5-4590T @ 2.00GHz,102.06,35.0,2014-06-01,LGA1150,2000.0,4
Intel Core i5-4670 @ 3.40GHz,82.58,84.0,2013-06-01,LGA1150,3400.0,4
Intel Core i5-4670K @ 3.40GHz,129.96,84.0,2013-06-01,LGA1150,3400.0,4
Intel Core i5-4670K CPT @ 3.40GHz,0.0,84.0,2014-12-01,LGA1150,3400.0,4
Intel Core i5-4670R @ 3.00GHz,276.0,65.0,2018-07-01,FCBGA1364,3000.0,4
Intel Core i5-4670S @ 3.10GHz,213.0,65.0,2013-01-01,FCLGA1150,3100.0,4
Intel Core i5-4670T @ 2.30GHz,259.02,45.0,2013-06-01,FCLGA1150,2300.0,4
Intel Core i5-4690 @ 3.50GHz,43.99,84.0,2014-05-01,LGA1150,3500.0,4
Intel Core i5-4690K @ 3.50GHz,76.11,88.0,2014-06-01,LGA1150,3500.0,4
Intel Core i5-4690S @ 3.20GHz,249.99,65.0,2014-05-01,LGA1150,3200.0,4
Intel Core i5-4690T @ 2.50GHz,0.0,45.0,2014-12-01,LGA1150,2500.0,4
Intel Core i5-5575R @ 2.80GHz,0.0,65.0,2015-12-01,LGA1150,2800.0,4
Intel Core i5-5675C @ 3.10GHz,159.99,65.0,2015-07-01,FCLGA1150,3100.0,4
Intel Core i5-5675R @ 3.10GHz,0.0,65.0,2016-06-01,FCBGA1364,3100.0,4
Intel Core i5-6400 @ 2.70GHz,85.91,65.0,2015-08-01,LGA 1151,2700.0,4
Intel Core i5-6400T @ 2.20GHz,159.99,35.0,2015-12-01,LGA 1151,2200.0,4
Intel Core i5-6402P @ 2.80GHz,104.0,65.0,2016-04-01,LGA 1151,2800.0,4
Intel Core i5-650 @ 3.20GHz,223.0,73.0,2010-01-01,LGA1156,3200.0,2
Intel Core i5-6500 @ 3.20GHz,34.99,65.0,2015-09-01,LGA 1151,3200.0,4
Intel Core i5-6500T @ 2.50GHz,221.52,35.0,2015-10-01,LGA 1151,2500.0,4
Intel Core i5-6500TE @ 2.30GHz,489.95,35.0,2015-12-01,LGA 1151,2300.0,4
Intel Core i5-655K @ 3.20GHz,76.87,73.0,2010-06-01,LGA1156,3200.0,2
Intel Core i5-660 @ 3.33GHz,334.99,73.0,2009-12-01,LGA1156,3330.0,2
Intel Core i5-6600 @ 3.30GHz,100.0,65.0,2015-09-01,LGA 1151,3300.0,4
Intel Core i5-6600K @ 3.50GHz,82.0,91.0,2015-08-01,FCLGA1151,3500.0,4
Intel Core i5-6600T @ 2.70GHz,121.98,35.0,2015-10-01,LGA 1151,2700.0,4
Intel Core i5-661 @ 3.33GHz,178.85,87.0,2010-01-01,LGA1156,3330.0,2
Intel Core i5-670 @ 3.47GHz,291.0,73.0,2010-01-01,LGA1156,3470.0,2
Intel Core i5-680 @ 3.60GHz,38.0,73.0,2010-05-01,LGA1156,3600.0,2
Intel Core i5-7400 @ 3.00GHz,85.0,65.0,2017-01-01,FCLGA1151,3000.0,4
Intel Core i5-7400T @ 2.40GHz,133.85,35.0,2016-11-01,LGA1151,2400.0,4
Intel Core i5-750 @ 2.67GHz,162.82,95.0,2009-09-01,LGA1156,2670.0,4
Intel Core i5-7500 @ 3.40GHz,122.68,65.0,2016-12-01,LGA1151,3400.0,4
Intel Core i5-7500T @ 2.70GHz,114.11,35.0,2017-01-01,FCLGA1151,2700.0,4
Intel Core i5-760 @ 2.80GHz,265.0,95.0,2010-07-01,LGA1156,2800.0,4
Intel Core i5-7600 @ 3.50GHz,129.99,65.0,2017-01-01,FCLGA1151,3500.0,4
Intel Core i5-7600K @ 3.80GHz,149.99,91.0,2017-01-01,FCLGA1151,3800.0,4
Intel Core i5-7600T @ 2.80GHz,147.91,35.0,2017-01-01,FCLGA1151,2800.0,4
Intel Core i5-7640X @ 4.00GHz,142.86,112.0,2017-07-01,FCLGA2066,4000.0,4
Intel Core i5-8400 @ 2.80GHz,157.2,65.0,2017-10-01,FCLGA1151-2,2800.0,6
Intel Core i5-8400T @ 1.70GHz,239.84,35.0,2018-05-01,FCLGA1151-2,1700.0,6
Intel Core i5-8500 @ 3.00GHz,138.0,65.0,2018-03-01,FCLGA1151-2,3000.0,6
Intel Core i5-8500T @ 2.10GHz,250.94,35.0,2018-04-01,FCLGA1151-2,2100.0,6
Intel Core i5-8600 @ 3.10GHz,174.18,65.0,2018-05-01,FCLGA1151-2,3100.0,6
Intel Core i5-8600K @ 3.60GHz,184.5,95.0,2017-10-01,FCLGA1151-2,3600.0,6
Intel Core i5-8600T @ 2.30GHz,199.99,35.0,2018-04-01,FCLGA1151-2,2300.0,6
Intel Core i5-9400 @ 2.90GHz,179.35,65.0,2019-03-01,FCLGA1151-2,2900.0,6
Intel Core i5-9400T @ 1.80GHz,182.0,35.0,2019-07-01,FCLGA1151-2,1800.0,6
Intel Core i5-9500 @ 3.00GHz,173.99,65.0,2019-05-01,FCLGA1151-2,3000.0,6
Intel Core i5-9500F @ 3.00GHz,186.0,65.0,2019-07-01,FCLGA1151-2,3000.0,6
Intel Core i5-9500T @ 2.20GHz,192.0,35.0,2019-05-01,FCLGA1151-2,2200.0,6
Intel Core i5-9600 @ 3.10GHz,152.41,65.0,2019-09-01,FCLGA1151-2,3100.0,6
Intel Core i5-9600K @ 3.70GHz,209.99,95.0,2018-10-01,FCLGA1151-2,3700.0,6
Intel Core i5-9600KF @ 3.70GHz,166.02,95.0,2019-05-01,FCLGA1151-2,3700.0,6
Intel Core i5-9600T @ 2.30GHz,213.0,35.0,2019-11-01,FCLGA1151-2,2300.0,6
Intel Core i7-10700 @ 2.90GHz,266.61,65.0,2020-06-01,FCLGA1200,2900.0,8
Intel Core i7-10700F @ 2.90GHz,260.46,65.0,2020-07-01,FCLGA1200,2900.0,8
Intel Core i7-10700K @ 3.80GHz,269.99,125.0,2020-05-01,FCLGA1200,3800.0,8
Intel Core i7-10700KF @ 3.80GHz,308.0,125.0,2020-06-01,FCLGA1200,3800.0,8
Intel Core i7-10700T @ 2.00GHz,413.99,35.0,2020-07-01,FCLGA1200,2000.0,8
Intel Core i7-11700 @ 2.50GHz,299.99,95.0,2021-01-01,FCLGA1200,2500.0,8
Intel Core i7-11700F @ 2.50GHz,270.75,65.0,2021-04-01,FCLGA1200,2500.0,8
Intel Core i7-11700K @ 3.60GHz,289.0,125.0,2020-12-01,FCLGA1200,3600.0,8
Intel Core i7-11700KF @ 3.60GHz,309.99,125.0,2021-03-01,FCLGA1200,3600.0,8
Intel Core i7-11700T @ 1.40GHz,323.0,35.0,2021-10-01,FCLGA1200,1400.0,8
Intel Core i7-12700,328.98,65.0,2022-01-01,FCLGA1700,2100.0,8
Intel Core i7-12700F,269.99,65.0,2022-01-01,FCLGA1700,2100.0,8
Intel Core i7-12700K,409.0,190.0,2021-11-01,FCLGA1700,3600.0,8
Intel Core i7-12700KF,297.0,190.0,2021-11-01,FCLGA1700,3600.0,8
Intel Core i7-12700T,339.0,35.0,2022-04-01,FCLGA1700,1400.0,8
Intel Core i7-13700,0.0,65.0,2022-08-01,FCLGA1700,2100.0,8
Intel Core i7-13700K,439.99,125.0,2022-10-01,FCLGA1700,4200.0,8
Intel Core i7-13700KF,422.61,125.0,2022-10-01,FCLGA1700,4200.0,8
Intel Core i7-2600 @ 3.40GHz,58.51,95.0,2010-12-01,LGA1155,3400.0,4
Intel Core i7-2600K @ 3.40GHz,77.0,95.0,2010-11-01,LGA1155,3400.0,4
Intel Core i7-2600S @ 2.80GHz,249.0,65.0,2011-02-01,LGA1155,2800.0,4
Intel Core i7-2655LE @ 2.20GHz,0.0,25.0,2011-04-01,BGA1023,2200.0,2
Intel Core i7-2700K @ 3.50GHz,84.99,95.0,2011-10-01,LGA1155,3500.0,4
Intel Core i7-3770 @ 3.40GHz,86.78,77.0,2012-03-01,LGA1155,3400.0,4
Intel Core i7-3770K @ 3.50GHz,115.99,77.0,2012-04-01,LGA1155,3500.0,4
Intel Core i7-3770S @ 3.10GHz,109.0,65.0,2012-05-01,LGA1155,3100.0,4
Intel Core i7-3770T @ 2.50GHz,156.59,45.0,2012-05-01,LGA1155,2500.0,4
Intel Core i7-3820 @ 3.60GHz,49.99,130.0,2012-01-01,LGA2011,3600.0,4
Intel Core i7-3930K @ 3.20GHz,399.1,130.0,2011-11-01,LGA2011,3200.0,6
Intel Core i7-3960X @ 3.30GHz,1803.0,130.0,2011-11-01,LGA2011,3300.0,6
Intel Core i7-3970X @ 3.50GHz,189.88,150.0,2012-01-01,LGA2011,3500.0,6
Intel Core i7-4610Y @ 1.70GHz,0.0,11.5,2013-01-01,BGA1168,1700.0,2
Intel Core i7-4700EQ @ 2.40GHz,0.0,47.0,2013-06-01,FCBGA1364,2400.0,4
Intel Core i7-4765T @ 2.00GHz,498.95,35.0,2013-04-01,FCLGA1150,2000.0,4
Intel Core i7-4770 @ 3.40GHz,99.75,84.0,2013-06-01,LGA1150,3400.0,4
Intel Core i7-4770K @ 3.50GHz,127.0,84.0,2013-06-01,LGA1150,3500.0,4
Intel Core i7-4770R @ 3.20GHz,0.0,65.0,2014-01-01,FCBGA1364,3200.0,4
Intel Core i7-4770S @ 3.10GHz,118.96,65.0,2013-06-01,LGA1150,3100.0,4
Intel Core i7-4770T @ 2.50GHz,770.0,45.0,2013-01-01,LGA1150,2500.0,4
Intel Core i7-4770TE @ 2.30GHz,0.0,45.0,2015-07-01,LGA1150,2300.0,4
Intel Core i7-4771 @ 3.50GHz,129.74,84.0,2013-01-01,LGA1150,3500.0,4
Intel Core i7-4785T @ 2.20GHz,0.0,35.0,2014-06-01,FCLGA1150,2200.0,4
Intel Core i7-4790 @ 3.60GHz,92.99,84.0,2014-05-01,FCLGA1150,3600.0,4
Intel Core i7-4790K @ 4.00GHz,187.0,88.0,2014-06-01,LGA1150,4000.0,4
Intel Core i7-4790S @ 3.20GHz,187.69,65.0,2014-06-01,LGA1150,3200.0,4
Intel Core i7-4790T @ 2.70GHz,249.88,45.0,2014-05-01,LGA1150,2700.0,4
Intel Core i7-4820K @ 3.70GHz,250.0,130.0,2013-07-01,FCLGA2011,3700.0,4
Intel Core i7-4930K @ 3.40GHz,89.99,130.0,2013-01-01,LGA2011,3400.0,6
Intel Core i7-4960X @ 3.60GHz,1250.0,130.0,2013-01-01,LGA2011,3600.0,6
Intel Core i7-5675C @ 3.10GHz,0.0,65.0,2015-10-01,LGA1150,3100.0,4
Intel Core i7-5775C @ 3.30GHz,199.99,65.0,2015-06-01,FCLGA1150,3300.0,4
Intel Core i7-5775R @ 3.30GHz,0.0,65.0,2016-05-01,LGA1150,3300.0,4
Intel Core i7-5820K @ 3.30GHz,160.89,140.0,2014-09-01,LGA2011-v3,3300.0,6
Intel Core i7-5930K @ 3.50GHz,313.0,140.0,2014-08-01,LGA2011-v3,3500.0,6
Intel Core i7-5960X @ 3.00GHz,198.99,140.0,2014-08-01,LGA2011-v3,3000.0,8
Intel Core i7-6700 @ 3.40GHz,210.0,65.0,2015-09-01,LGA 1151,3400.0,4
Intel Core i7-6700K @ 4.00GHz,165.53,95.0,2015-07-01,LGA1151,4000.0,4
Intel Core i7-6700T @ 2.80GHz,275.0,35.0,2015-10-01,LGA 1151,2800.0,4
Intel Core i7-6700TE @ 2.40GHz,0.0,35.0,2016-06-01,LGA 1151,2400.0,4
Intel Core i7-6800K @ 3.40GHz,147.85,140.0,2016-05-01,LGA2011-v3,3400.0,6
Intel Core i7-6850K @ 3.60GHz,190.38,140.0,2016-06-01,FCLGA2011-3,3600.0,6
Intel Core i7-6900K @ 3.20GHz,165.36,140.0,2016-06-01,FCLGA2011-3,3200.0,8
Intel Core i7-6950X @ 3.00GHz,337.57,140.0,2016-06-01,LGA2011-v3,3000.0,10
Intel Core i7-7700 @ 3.60GHz,180.99,65.0,2016-12-01,LGA1151,3600.0,4
Intel Core i7-7700K @ 4.20GHz,248.44,95.0,2016-10-01,LGA 1151,4200.0,4
Intel Core i7-7700T @ 2.90GHz,183.68,35.0,2017-02-01,FCLGA1151,2900.0,4
Intel Core i7-7740X @ 4.30GHz,103.9,112.0,2017-07-01,FCLGA2066,4300.0,4
Intel Core i7-7800X @ 3.50GHz,435.99,140.0,2017-06-01,FCLGA2066,3500.0,6
Intel Core i7-7820X @ 3.60GHz,709.0,140.0,2017-06-01,FCLGA2066,3600.0,8
Intel Core i7-7900X @ 3.30GHz,0.0,140.0,2017-08-01,FCLGA2066,3300.0,10
Intel Core i7-8086K @ 4.00GHz,681.99,95.0,2018-06-01,FCLGA1151-2,4000.0,6
Intel Core i7-860 @ 2.80GHz,43.99,95.0,2009-09-01,LGA1156,2800.0,4
Intel Core i7-860S @ 2.53GHz,160.0,82.0,2011-04-01,LGA1156,2530.0,4
Intel Core i7-870 @ 2.93GHz,229.95,95.0,2009-09-01,LGA1156,2930.0,4
Intel Core i7-8700 @ 3.20GHz,168.89,65.0,2017-10-01,FCLGA1151-2,3200.0,6
Intel Core i7-8700K @ 3.70GHz,329.0,95.0,2017-10-01,FCLGA1151-2,3700.0,6
Intel Core i7-8700T @ 2.40GHz,335.0,35.0,2018-03-01,FCLGA1151-2,2400.0,6
Intel Core i7-870S @ 2.67GHz,0.0,82.0,2010-12-01,LGA1156,2670.0,4
Intel Core i7-875K @ 2.93GHz,420.0,95.0,2010-06-01,LGA1156,2930.0,4
Intel Core i7-880 @ 3.07GHz,338.97,95.0,2010-07-01,LGA1156,3070.0,4
Intel Core i7-920 @ 2.67GHz,189.88,130.0,2008-11-01,LGA1366,2670.0,4
Intel Core i7-930 @ 2.80GHz,25.69,130.0,2010-02-01,LGA1366,2800.0,4
Intel Core i7-940 @ 2.93GHz,348.0,130.0,2008-12-01,LGA1366,2930.0,4
Intel Core i7-950 @ 3.07GHz,271.91,130.0,2009-06-01,LGA1366,3070.0,4
Intel Core i7-960 @ 3.20GHz,22.99,130.0,2009-10-01,LGA1366,3200.0,4
Intel Core i7-965 @ 3.20GHz,1300.0,130.0,2008-11-01,LGA1366,3200.0,4
Intel Core i7-970 @ 3.20GHz,520.0,130.0,2010-07-01,LGA1366,3200.0,6
Intel Core i7-9700 @ 3.00GHz,284.99,65.0,2019-06-01,FCLGA1151-2,3000.0,8
Intel Core i7-9700E @ 2.60GHz,323.0,65.0,2020-11-01,FCLGA1151-2,2600.0,8
Intel Core i7-9700F @ 3.00GHz,215.36,65.0,2019-06-01,FCLGA1151-2,3000.0,8
Intel Core i7-9700K @ 3.60GHz,299.99,95.0,2018-10-01,FCLGA1151-2,3600.0,8
Intel Core i7-9700KF @ 3.60GHz,278.82,95.0,2019-04-01,FCLGA1151-2,3600.0,8
Intel Core i7-9700T @ 2.00GHz,323.0,35.0,2019-07-01,FCLGA1151-2,2000.0,8
Intel Core i7-975 @ 3.33GHz,458.1,130.0,2009-06-01,LGA1366,3330.0,4
Intel Core i7-980 @ 3.33GHz,549.95,130.0,2011-07-01,LGA1366,3330.0,6
Intel Core i7-9800X @ 3.80GHz,305.99,165.0,2018-12-01,FCLGA2066,3800.0,8
Intel Core i7-980X @ 3.33GHz,123.0,130.0,2010-03-01,LGA1366,3330.0,6
Intel Core i7-990X @ 3.47GHz,215.0,130.0,2011-01-01,LGA1366,3470.0,6
Intel Core i9-10850K @ 3.60GHz,349.99,125.0,2020-08-01,FCLGA1200,3600.0,10
Intel Core i9-10900 @ 2.80GHz,449.35,65.0,2020-05-01,FCLGA1200,2800.0,10
Intel Core i9-10900F @ 2.80GHz,402.99,65.0,2020-07-01,FCLGA1200,2800.0,10
Intel Core i9-10900K @ 3.70GHz,370.99,125.0,2020-05-01,FCLGA1200,3700.0,10
Intel Core i9-10900KF @ 3.70GHz,388.38,125.0,2020-06-01,FCLGA1200,3700.0,10
Intel Core i9-10900T @ 1.90GHz,339.99,35.0,2020-06-01,FCLGA1200,1900.0,10
Intel Core i9-10900X @ 3.70GHz,549.99,165.0,2019-12-01,FCLGA2066,3700.0,10
Intel Core i9-10910 @ 3.60GHz,0.0,125.0,2020-08-01,FCLGA1200,3600.0,10
Intel Core i9-10920X @ 3.50GHz,612.99,165.0,2019-12-01,FCLGA2066,3500.0,12
Intel Core i9-10940X @ 3.30GHz,699.99,165.0,2019-12-01,FCLGA2066,3300.0,14
Intel Core i9-10980XE @ 3.00GHz,959.5,165.0,2019-12-01,FCLGA2066,3000.0,18
Intel Core i9-11900 @ 2.50GHz,399.99,65.0,2021-04-01,FCLGA1200,2500.0,8
Intel Core i9-11900F @ 2.50GHz,399.99,65.0,2021-04-01,FCLGA1200,2500.0,8
Intel Core i9-11900K @ 3.50GHz,371.99,125.0,2021-01-01,FCLGA1200,3500.0,8
Intel Core i9-11900KB @ 3.30GHz,539.0,65.0,2021-07-01,FCBGA1787,3300.0,8
Intel Core i9-11900KF @ 3.50GHz,319.99,125.0,2021-04-01,FCLGA1200,3500.0,8
Intel Core i9-11900T @ 1.50GHz,439.0,35.0,2021-05-01,FCLGA1200,1500.0,8
Intel Core i9-12900,519.99,65.0,2022-02-01,FCLGA1700,2400.0,8
Intel Core i9-12900F,515.0,65.0,2022-01-01,FCLGA1700,2400.0,8
Intel Core i9-12900K,439.99,241.0,2021-11-01,FCLGA1700,3200.0,8
Intel Core i9-12900KF,417.99,241.0,2021-11-01,FCLGA1700,3200.0,8
Intel Core i9-12900KS,502.99,150.0,2022-04-01,LGA 1700,3400.0,8
Intel Core i9-12900T,489.0,35.0,2022-01-01,FCLGA1700,1400.0,8
Intel Core i9-13900K,649.0,125.0,2022-09-01,FCLGA1700,3000.0,8
Intel Core i9-13900KF,574.99,125.0,2022-10-01,FCLGA1700,3000.0,8
Intel Core i9-7900X @ 3.30GHz,265.99,140.0,2017-06-01,FCLGA2066,3300.0,10
Intel Core i9-7920X @ 2.90GHz,275.0,140.0,2017-09-01,FCLGA2066,2900.0,12
Intel Core i9-7940X @ 3.10GHz,620.0,165.0,2017-09-01,FCLGA2066,3100.0,14
Intel Core i9-7960X @ 2.80GHz,265.0,165.0,2017-10-01,FCLGA2066,2800.0,16
Intel Core i9-7980XE @ 2.60GHz,899.1,165.0,2017-09-01,FCLGA2066,2600.0,18
Intel Core i9-9820X @ 3.30GHz,541.83,165.0,2018-12-01,FCLGA2066,3300.0,10
Intel Core i9-9900 @ 3.10GHz,715.51,65.0,2019-07-01,FCLGA1151-2,3100.0,8
Intel Core i9-9900K @ 3.60GHz,698.88,95.0,2018-10-01,FCLGA1151-2,3600.0,8
Intel Core i9-9900KF @ 3.60GHz,409.99,95.0,2019-04-01,FCLGA1151-2,3600.0,8
Intel Core i9-9900KS @ 4.00GHz,894.35,127.0,2019-10-01,FCLGA1151-2,4000.0,8
Intel Core i9-9900T @ 2.10GHz,439.0,35.0,2019-11-01,FCLGA1151-2,2100.0,8
Intel Core i9-9900X @ 3.50GHz,619.7,165.0,2018-12-01,FCLGA2066,3500.0,10
Intel Core i9-9920X @ 3.50GHz,639.99,165.0,2018-12-01,FCLGA2066,3500.0,12
Intel Core i9-9940X @ 3.30GHz,849.99,165.0,2018-11-01,FCLGA2066,3300.0,14
Intel Core i9-9960X @ 3.10GHz,1498.95,165.0,2019-02-01,FCLGA2066,3100.0,16
Intel Core i9-9980XE @ 3.00GHz,1419.01,165.0,2018-12-01,FCLGA2066,3000.0,18
Intel Core i9-9990XE @ 4.00GHz,2163.0,255.0,2020-07-01,LGA2066,4000.0,14
Intel Core2 Duo E4300 @ 1.80GHz,42.5,65.0,2009-10-01,LGA775,1800.0,2
Intel Core2 Duo E4400 @ 2.00GHz,42.5,65.0,2008-12-01,LGA775,2000.0,2
Intel Core2 Duo E4500 @ 2.20GHz,11.0,65.0,2008-12-01,LGA775,2200.0,2
Intel Core2 Duo E4600 @ 2.40GHz,157.95,65.0,2008-12-01,LGA775,2400.0,2
Intel Core2 Duo E4700 @ 2.60GHz,26.99,65.0,2008-12-01,LGA775,2600.0,2
Intel Core2 Duo E6320 @ 1.86GHz,39.99,65.0,2008-12-01,PLGA775,1860.0,2
Intel Core2 Duo E6400 @ 2.13GHz,29.94,65.0,2009-03-01,LGA775,2130.0,2
Intel Core2 Duo E6420 @ 2.13GHz,39.99,65.0,2008-11-01,PLGA775,2130.0,2
Intel Core2 Duo E6540 @ 2.33GHz,0.0,65.0,2009-05-01,LGA775,2330.0,2
Intel Core2 Duo E6550 @ 2.33GHz,13.3,65.0,2008-11-01,LGA775,2330.0,2
Intel Core2 Duo E6600 @ 2.40GHz,129.95,65.0,2008-11-01,PLGA775,2400.0,2
Intel Core2 Duo E6700 @ 2.66GHz,29.99,65.0,2010-01-01,LGA775,2660.0,2
Intel Core2 Duo E6750 @ 2.66GHz,10.3,65.0,2008-11-01,LGA775,2660.0,2
Intel Core2 Duo E6850 @ 3.00GHz,51.2,65.0,2008-11-01,LGA775,3000.0,2
Intel Core2 Duo E7200 @ 2.53GHz,47.0,65.0,2008-12-01,LGA775,2530.0,2
Intel Core2 Duo E7300 @ 2.66GHz,49.51,65.0,2008-11-01,LGA775,2660.0,2
Intel Core2 Duo E7400 @ 2.80GHz,48.99,65.0,2008-12-01,LGA775,2800.0,2
Intel Core2 Duo E7500 @ 2.93GHz,99.63,65.0,2009-03-01,LGA775,2930.0,2
Intel Core2 Duo E7600 @ 3.06GHz,119.95,65.0,2009-06-01,LGA775,3060.0,2
Intel Core2 Duo E8200 @ 2.66GHz,75.99,65.0,2008-11-01,LGA775,2660.0,2
Intel Core2 Duo E8300 @ 2.83GHz,19.99,65.0,2008-12-01,LGA775,2830.0,2
Intel Core2 Duo E8400 @ 3.00GHz,140.0,65.0,2008-11-01,LGA775,3000.0,2
Intel Core2 Duo E8500 @ 3.16GHz,129.95,65.0,2008-11-01,LGA775,3160.0,2
Intel Core2 Duo E8600 @ 3.33GHz,76.41,65.0,2008-11-01,LGA775,3330.0,2
Intel Core2 Extreme Q6800 @ 2.93GHz,1125.0,75.0,2008-12-01,LGA775,2930.0,4
Intel Core2 Extreme Q6850 @ 3.00GHz,1495.95,130.0,2008-11-01,LGA775,3000.0,4
Intel Core2 Extreme Q9300 @ 2.53GHz,0.0,45.0,2008-12-01,PGA478,2530.0,4
Intel Core2 Extreme X6800 @ 2.93GHz,263.64,75.0,2008-12-01,PLGA775,2930.0,2
Intel Core2 Extreme X9650 @ 3.00GHz,859.99,130.0,2008-11-01,LGA775,3000.0,4
Intel Core2 Extreme X9770 @ 3.20GHz,1608.95,136.0,2008-11-01,LGA775,3200.0,4
Intel Core2 Extreme X9775 @ 3.20GHz,1805.95,150.0,2009-02-01,LGA771,3200.0,4
Intel Core2 Quad Q6600 @ 2.40GHz,48.02,105.0,2008-11-01,LGA775,2400.0,4
Intel Core2 Quad Q6700 @ 2.66GHz,99.95,105.0,2008-11-01,LGA775,2660.0,4
Intel Core2 Quad Q8200 @ 2.33GHz,63.99,95.0,2008-11-01,LGA775,2330.0,4
Intel Core2 Quad Q8300 @ 2.50GHz,33.72,95.0,2009-02-01,LGA775,2500.0,4
Intel Core2 Quad Q8400 @ 2.66GHz,128.88,95.0,2009-05-01,LGA775,2660.0,4
Intel Core2 Quad Q9300 @ 2.50GHz,68.02,95.0,2008-11-01,LGA775,2500.0,4
Intel Core2 Quad Q9400 @ 2.66GHz,38.03,95.0,2008-11-01,LGA775,2660.0,4
Intel Core2 Quad Q9450 @ 2.66GHz,35.7,95.0,2008-11-01,LGA775,2660.0,4
Intel Core2 Quad Q9500 @ 2.83GHz,49.01,95.0,2010-05-01,LGA775,2830.0,4
Intel Core2 Quad Q9505 @ 2.83GHz,334.99,95.0,2009-11-01,LGA775,2830.0,4
Intel Core2 Quad Q9550 @ 2.83GHz,29.98,95.0,2008-11-01,LGA775,2830.0,4
Intel Core2 Quad Q9650 @ 3.00GHz,54.44,95.0,2008-12-01,LGA775,3000.0,4
Intel Pentium 4 1.50GHz,0.0,57.8,2009-03-01,PGA423,1500.0,1
Intel Pentium 4 1.60GHz,0.0,38.0,2009-02-01,PGA478,1600.0,1
Intel Pentium 4 1.70GHz,0.0,64.0,2009-03-01,PGA423,1700.0,1
Intel Pentium 4 1.80GHz,0.0,68.1,2008-12-01,PGA478,1800.0,1
Intel Pentium 4 1.90GHz,0.0,69.2,2009-02-01,PGA423,1900.0,1
Intel Pentium 4 1300MHz,0.0,51.6,2009-03-01,PGA423,1300.0,1
Intel Pentium 4 1400MHz,0.0,54.7,2009-03-01,PGA423,1400.0,1
Intel Pentium 4 1500MHz,0.0,57.8,2009-03-01,PGA423,1500.0,1
Intel Pentium 4 1700MHz,99.99,64.0,2009-03-01,PGA423,1700.0,1
Intel Pentium 4 1800MHz,0.0,68.1,2009-02-01,PGA478,1800.0,1
Intel Pentium 4 2.00GHz,0.0,54.3,2009-01-01,PGA478,2000.0,1
Intel Pentium 4 2.20GHz,0.0,57.1,2009-01-01,PGA478,2200.0,1
Intel Pentium 4 2.26GHz,0.0,58.0,2009-02-01,PGA478,2260.0,1
Intel Pentium 4 2.40GHz,0.0,59.8,2008-12-01,PGA478,2400.0,1
Intel Pentium 4 2.50GHz,0.0,61.0,2009-03-01,PGA478,2500.0,1
Intel Pentium 4 2.53GHz,0.0,61.5,2009-02-01,PGA478,2530.0,1
Intel Pentium 4 2.60GHz,0.0,69.0,2008-12-01,PGA478,2600.0,1
Intel Pentium 4 2.66GHz,0.0,66.1,2009-01-01,PGA478,2660.0,1
Intel Pentium 4 2.80GHz,0.0,69.7,2008-11-01,PGA478,2800.0,1
Intel Pentium 4 3.00GHz,0.0,81.9,2008-11-01,PGA478,3000.0,1
Intel Pentium 4 3.06GHz,0.0,81.8,2009-02-01,PGA478,3060.0,1
Intel Pentium 4 3.20GHz,0.0,82.0,2008-11-01,PGA478,3200.0,1
Intel Pentium 4 3.40GHz,0.0,89.0,2008-12-01,PGA478,3400.0,1
Intel Pentium D 805 @ 2.66GHz,0.0,95.0,2008-12-01,PLGA775,2660.0,2
Intel Pentium D 830 @ 3.00GHz,0.0,95.0,2008-12-01,PLGA775,3000.0,2
Intel Pentium D 915 @ 2.80GHz,0.0,95.0,2008-12-01,PLGA775,2800.0,2
Intel Pentium D 940 @ 3.20GHz,0.0,130.0,2008-12-01,PLGA775,3200.0,2
Intel Pentium D 950 @ 3.40GHz,0.0,130.0,2008-11-01,PLGA775,3400.0,2
Intel Pentium D 960 @ 3.60GHz,0.0,130.0,2009-04-01,PLGA775,3600.0,2
Intel Pentium E2160 @ 1.80GHz,89.0,65.0,2008-12-01,LGA775,1800.0,2
Intel Pentium E2180 @ 2.00GHz,19.5,65.0,2008-11-01,LGA775,2000.0,2
Intel Pentium E2200 @ 2.20GHz,54.0,65.0,2009-01-01,LGA775,2200.0,2
Intel Pentium E2210 @ 2.20GHz,0.0,65.0,2009-09-01,LGA775,2200.0,2
Intel Pentium E2220 @ 2.40GHz,39.99,65.0,2009-01-01,LGA775,2400.0,2
Intel Pentium E5200 @ 2.50GHz,49.94,65.0,2009-05-01,LGA775,2500.0,2
Intel Pentium E5300 @ 2.60GHz,59.49,65.0,2009-04-01,LGA775,2600.0,2
Intel Pentium E5400 @ 2.70GHz,72.1,65.0,2009-04-01,LGA775,2700.0,2
Intel Pentium E5500 @ 2.80GHz,15.99,65.0,2010-06-01,LGA775,2800.0,2
Intel Pentium E5700 @ 3.00GHz,34.99,65.0,2010-09-01,LGA775,3000.0,2
Intel Pentium E5800 @ 3.20GHz,92.19,65.0,2012-01-01,LGA775,3200.0,2
Intel Pentium E6300 @ 2.80GHz,41.85,65.0,2009-06-01,LGA775,2800.0,2
Intel Pentium E6500 @ 2.93GHz,95.71,65.0,2009-11-01,LGA775,2930.0,2
Intel Pentium E6600 @ 3.06GHz,37.5,65.0,2010-11-01,LGA775,3060.0,2
Intel Pentium E6700 @ 3.20GHz,140.19,65.0,2010-07-01,LGA775,3200.0,2
Intel Pentium E6800 @ 3.33GHz,24.95,65.0,2010-10-01,LGA775,3330.0,2
Intel Pentium Extreme Edition 955 @ 3.46GHz,31.23,130.0,2009-04-01,PLGA775,3460.0,2
Intel Pentium Extreme Edition 965 @ 3.73GHz,0.0,130.0,2009-03-01,PLGA775,3730.0,2
Intel Pentium G2010 @ 2.80GHz,22.97,55.0,2013-02-01,FCLGA1155,2800.0,2
Intel Pentium G2020 @ 2.90GHz,50.0,55.0,2013-01-01,FCLGA1155,2900.0,2
Intel Pentium G2020T @ 2.50GHz,47.6,35.0,2013-01-01,FCLGA1155,2500.0,2
Intel Pentium G2030 @ 3.00GHz,23.99,55.0,2013-07-01,FCLGA1155,3000.0,2
Intel Pentium G2030T @ 2.60GHz,130.5,35.0,2014-01-01,LGA1155,2600.0,2
Intel Pentium G2100T @ 2.60GHz,0.0,35.0,2016-05-01,LGA1155,2600.0,2
Intel Pentium G2120 @ 3.10GHz,59.99,55.0,2012-10-01,FCLGA1155,3100.0,2
Intel Pentium G2120T @ 2.70GHz,0.0,35.0,2020-03-01,FCLGA1155,2700.0,2
Intel Pentium G2130 @ 3.20GHz,43.64,55.0,2013-02-01,FCLGA1155,3200.0,2
Intel Pentium G2140 @ 3.30GHz,45.0,55.0,2014-01-01,LGA1155,3300.0,2
Intel Pentium G3220 @ 3.00GHz,64.16,54.0,2013-09-01,FCLGA1150,3000.0,2
Intel Pentium G3220T @ 2.60GHz,69.95,35.0,2014-03-01,LGA1150,2600.0,2
Intel Pentium G3240 @ 3.10GHz,50.19,53.0,2014-05-01,FCLGA1150,3100.0,2
Intel Pentium G3240T @ 2.70GHz,0.0,35.0,2014-08-01,LGA1150,2700.0,2
Intel Pentium G3250 @ 3.20GHz,64.19,53.0,2014-09-01,LGA1150,3200.0,2
Intel Pentium G3250T @ 2.80GHz,49.99,35.0,2015-01-01,LGA1150,2800.0,2
Intel Pentium G3258 @ 3.20GHz,54.19,53.0,2014-06-01,FCLGA1150,3200.0,2
Intel Pentium G3260 @ 3.30GHz,57.59,53.0,2015-05-01,LGA1150,3300.0,2
Intel Pentium G3260T @ 2.90GHz,49.99,35.0,2015-08-01,LGA1150,2900.0,2
Intel Pentium G3320TE @ 2.30GHz,0.0,35.0,2014-01-01,FCLGA1150,2300.0,2
Intel Pentium G3420 @ 3.20GHz,44.0,54.0,2013-09-01,FCLGA1150,3200.0,2
Intel Pentium G3420T @ 2.70GHz,159.99,35.0,2014-09-01,LGA1150,2700.0,2
Intel Pentium G3430 @ 3.30GHz,73.1,54.0,2013-10-01,FCLGA1150,3300.0,2
Intel Pentium G3440 @ 3.30GHz,149.99,53.0,2014-07-01,LGA1150,3300.0,2
Intel Pentium G3440T @ 2.80GHz,0.0,35.0,2014-11-01,LGA1150,2800.0,2
Intel Pentium G3450 @ 3.40GHz,53.9,53.0,2014-07-01,FCLGA1150,3400.0,2
Intel Pentium G3450T @ 2.90GHz,0.0,35.0,2015-10-01,LGA1150,2900.0,2
Intel Pentium G3460 @ 3.50GHz,124.0,53.0,2014-09-01,LGA1150,3500.0,2
Intel Pentium G3470 @ 3.60GHz,309.73,53.0,2015-05-01,LGA1150,3600.0,2
Intel Pentium G4400 @ 3.30GHz,55.95,54.0,2015-10-01,FCLGA1151,3300.0,2
Intel Pentium G4400T @ 2.90GHz,0.0,35.0,2015-10-01,FCLGA1151,2900.0,2
Intel Pentium G4500 @ 3.50GHz,166.67,51.0,2015-10-01,FCLGA1151,3500.0,2
Intel Pentium G4500T @ 3.00GHz,0.0,35.0,2016-03-01,FCLGA1151,3000.0,2
Intel Pentium G4520 @ 3.60GHz,100.18,51.0,2015-11-01,FCLGA1151,3600.0,2
Intel Pentium G4560 @ 3.50GHz,63.6,54.0,2017-01-01,FCLGA1151,3500.0,2
Intel Pentium G4560T @ 2.90GHz,124.65,35.0,2017-03-01,FCLGA1151,2900.0,2
Intel Pentium G4600 @ 3.60GHz,59.99,51.0,2017-01-01,FCLGA1151,3600.0,2
Intel Pentium G4600T @ 3.00GHz,117.99,35.0,2017-04-01,FCLGA1151,3000.0,2
Intel Pentium G4620 @ 3.70GHz,128.0,51.0,2017-01-01,FCLGA1151,3700.0,2
Intel Pentium G620 @ 2.60GHz,11.97,65.0,2011-05-01,LGA1155,2600.0,2
Intel Pentium G620T @ 2.20GHz,19.99,35.0,2011-07-01,LGA1155,2200.0,2
Intel Pentium G630 @ 2.70GHz,60.0,65.0,2011-11-01,LGA1155,2700.0,2
Intel Pentium G630T @ 2.30GHz,84.07,35.0,2011-10-01,LGA1155,2300.0,2
Intel Pentium G640 @ 2.80GHz,30.0,65.0,2012-07-01,LGA1155,2800.0,2
Intel Pentium G640T @ 2.40GHz,84.88,35.0,2012-01-01,LGA1155,2400.0,2
Intel Pentium G645 @ 2.90GHz,93.35,65.0,2012-01-01,LGA1155,2900.0,2
Intel Pentium G645T @ 2.50GHz,0.0,35.0,2012-01-01,LGA1155,2500.0,2
Intel Pentium G6950 @ 2.80GHz,79.0,73.0,2010-01-01,LGA1156,2800.0,2
Intel Pentium G6951 @ 2.80GHz,74.0,73.0,2011-01-01,LGA1156,2800.0,2
Intel Pentium G6960 @ 2.93GHz,0.0,73.0,2011-02-01,LGA1156,2930.0,2
Intel Pentium G840 @ 2.80GHz,57.64,65.0,2011-06-01,FCLGA1155,2800.0,2
Intel Pentium G850 @ 2.90GHz,101.95,65.0,2011-05-01,FCLGA1155,2900.0,2
Intel Pentium G860 @ 3.00GHz,72.99,65.0,2011-11-01,FCLGA1155,3000.0,2
Intel Pentium G870 @ 3.10GHz,77.0,65.0,2012-09-01,FCLGA1155,3100.0,2
Intel Pentium Gold G5400 @ 3.70GHz,99.0,54.0,2018-04-01,FCLGA1151-2,3700.0,2
Intel Pentium Gold G5420 @ 3.80GHz,99.8,54.0,2019-06-01,FCLGA1151-2,3800.0,2
Intel Pentium Gold G5420T @ 3.20GHz,64.0,35.0,2019-10-01,FCLGA1151-2,3200.0,2
Intel Pentium Gold G5500 @ 3.80GHz,90.88,54.0,2018-05-01,FCLGA1151-2,3800.0,2
Intel Pentium Gold G5500T @ 3.20GHz,75.0,35.0,2018-05-01,FCLGA1151-2,3200.0,2
Intel Pentium Gold G5600 @ 3.90GHz,117.69,54.0,2018-05-01,FCLGA1151-2,3900.0,2
Intel Pentium Gold G5600F @ 3.90GHz,74.95,54.0,2019-10-01,FCLGA1151-2,3900.0,2
Intel Pentium Gold G5600T @ 3.30GHz,0.0,35.0,2022-02-01,FCLGA1151,3300.0,2
Intel Pentium Gold G5620 @ 4.00GHz,120.0,54.0,2019-12-01,FCLGA1151-2,4000.0,2
Intel Pentium Gold G6400 @ 4.00GHz,68.99,58.0,2020-07-01,FCLGA1200,4000.0,2
Intel Pentium Gold G6400T @ 3.40GHz,64.0,35.0,2021-04-01,FCLGA1200,3400.0,2
Intel Pentium Gold G6405 @ 4.10GHz,59.0,58.0,2021-06-01,FCLGA1200,4100.0,2
Intel Pentium Gold G6405T @ 3.50GHz,64.0,35.0,2021-06-01,FCLGA1200,3500.0,2
Intel Pentium Gold G6500 @ 4.10GHz,89.99,58.0,2020-10-01,FCLGA1200,4100.0,2
Intel Pentium Gold G6500T @ 3.50GHz,75.0,35.0,2021-03-01,FCLGA1200,3500.0,2
Intel Pentium Gold G6505 @ 4.20GHz,75.0,58.0,2021-08-01,FCLGA1200,4200.0,2
Intel Pentium Gold G6600 @ 4.20GHz,130.42,58.0,2021-03-01,FCLGA1200,4200.0,2
Intel Pentium Gold G6605 @ 4.30GHz,164.99,58.0,2021-07-01,FCLGA1200,4300.0,2
Intel Pentium III 1400 @ 1400MHz,0.0,31.2,2009-08-01,Socket 370,1400.0,1
Intel Pentium III 1400S @ 1400MHz,0.0,32.2,2009-07-01,Socket 370,1400.0,1
Intel Pentium J2850 @ 2.41GHz,0.0,10.0,2014-05-01,FCBGA1170,2410.0,4
Intel Pentium J2900 @ 2.41GHz,0.0,10.0,2014-02-01,FCBGA1170,2410.0,4
Intel Pentium J4205 @ 1.50GHz,0.0,10.0,2016-10-01,FCBGA1296,1500.0,4
Intel Pentium Silver J5005 @ 1.50GHz,521.99,10.0,2017-12-01,FCBGA1090,1500.0,4
Intel Pentium Silver J5040 @ 2.00GHz,0.0,0.0,2020-01-01,FCBGA1090,2000.0,4
Intel Xeon W-2275 @ 3.30GHz,1112.0,165.0,2020-12-01,FCLGA2066,3300.0,14
Intel Xeon W-3175X @ 3.10GHz,1501.38,255.0,2019-03-01,FCLGA3647,3100.0,28
Intel Core i5-12400F,352.9,65.0,2022-01-01,FCLGA1700,2500.0,6
AMD 4700S,0.0,0.0,2021-04-01,AM4,3600.0,8
AMD A10-8850,0.0,0.0,2016-05-01,Socket FM2+,3900.0,2
AMD A4 PRO-7300B APU,0.0,65.0,2014-12-01,Socket FM2+,3800.0,1
AMD A4-6300B APU,27.95,65.0,2013-12-01,Socket FM2+,3700.0,1
AMD A6-9230,0.0,15.0,2017-08-01,AM4,2600.0,2
AMD A9-9430,0.0,0.0,2017-12-01,AM4,3200.0,2
AMD Athlon 64 X2 Dual Core 5800+,29.95,89.0,2009-01-01,Socket AM2,3000.0,2
AMD Athlon II 160u,29.99,20.0,2010-06-01,Socket FT1,1800.0,1
AMD Phenom 8250 Triple-Core,0.0,65.0,2009-09-01,AM2+,1900.0,3
AMD Phenom 8850B Triple-Core,0.0,95.0,2010-09-01,Socket AM3,2500.0,3
AMD Phenom II X4 B40,0.0,0.0,2010-02-01,Socket AM3,3000.0,4
AMD PRO A6-8570E,0.0,35.0,2017-01-01,Socket FM2+,3000.0,2
AMD Ryzen 5 3350GE,0.0,35.0,2020-07-01,AM4,3300.0,4
AMD Ryzen 5 PRO 3350GE,0.0,35.0,2020-07-01,AM4,3300.0,4
AMD Ryzen 5 PRO 4400G,0.0,0.0,2020-08-01,AM4,3700.0,6
Intel Atom D2560 @ 2.00GHz,0.0,10.0,2013-12-01,Socket BGA1288,2000.0,2
Intel Celeron G3900T @ 2.60GHz,112.46,35.0,2016-04-01,Socket 1151,2600.0,2
Intel Celeron J4115 @ 1.80GHz,0.0,0.0,2020-03-01,BGA128,1800.0,4
Intel Core i3-11100B @ 3.60GHz,0.0,65.0,2021-12-01,FCLGA1200,3600.0,4
Intel Core i5-11500B @ 3.30GHz,0.0,65.0,2021-11-01,FCLGA1200,3300.0,6
Intel Core i7-11700B @ 3.20GHz,0.0,65.0,2021-11-01,FCLGA1200,3200.0,8
Intel Core i7-995X @ 3.60GHz,0.0,0.0,2010-09-01,Socket LGA 1366,3600.0,6
Intel Core2 Extreme Q9200 @ 2.40GHz,0.0,0.0,2019-11-01,Socket 775,2400.0,4
Intel Pentium 4 2.93GHz,0.0,0.0,2009-02-01,Socket 478,2930.0,1
Intel Pentium 4 3.46GHz,0.0,110.7,2009-03-01,Socket 775,3460.0,1
Intel Pentium 4 3.60GHz,0.0,115.0,2008-11-01,Socket 775,3600.0,1
Intel Pentium 4 3.73GHz,0.0,115.0,2009-03-01,Socket 478,3730.0,1
Intel Pentium 4 3.80GHz,0.0,65.0,2008-12-01,Socket 775,3800.0,1
Intel Pentium 4 3.83GHz,0.0,0.0,2018-05-01,Socket 775,3830.0,1
Intel Pentium Gold G7400T,64.0,35.0,2022-06-01,Socket 1200,3100.0,2
Intel Pentium J3710 @ 1.60GHz,0.0,6.5,2016-05-01,FCPGA1150,1600.0,4
